date,1. open,2. high,3. low,4. close,5. volume,RSI
2021-03-25 20:00:00,51.42,51.49,51.38,51.38,8140.0,47.2535
2021-03-25 19:45:00,51.36,51.49,51.3,51.49,5627.0,46.9782
2021-03-25 19:15:00,51.37,51.37,51.37,51.37,500.0,47.0184
2021-03-25 19:00:00,51.37,51.37,51.37,51.37,554.0,47.0184
2021-03-25 18:45:00,51.25,51.5,51.25,51.31,1450.0,46.4869
2021-03-25 18:30:00,51.2101,51.26,51.21,51.25,1320.0,46.3108
2021-03-25 18:15:00,51.51,51.51,51.25,51.25,220.0,47.4653
2021-03-25 18:00:00,51.4,51.58,51.3,51.58,5835.0,46.9887
2021-03-25 17:45:00,51.36,51.41,51.2,51.41,2165.0,46.8161
2021-03-25 17:30:00,51.41,51.52,51.4,51.4,3500.0,47.0042
2021-03-25 17:15:00,51.48,51.51,51.48,51.51,368.0,47.2655
2021-03-25 17:00:00,51.51,51.52,51.3501,51.3501,25211.0,47.3765
2021-03-25 16:45:00,51.52,51.52,51.36,51.36,1958.0,47.413
2021-03-25 16:30:00,51.36,51.52,51.36,51.5,11390.0,46.7678
2021-03-25 16:15:00,51.41,51.52,51.31,51.41,5707.0,46.9448
2021-03-25 16:00:00,51.49,51.59,51.2818,51.39,1958960.0,47.226
2021-03-25 15:45:00,51.16,51.75,51.0,51.485,1171314.0,45.9117
2021-03-25 15:30:00,51.12,51.43,51.0201,51.16,1020177.0,45.7506
2021-03-25 15:15:00,51.01,51.37,50.91,51.1,828398.0,45.3103
2021-03-25 15:00:00,50.2,51.03,50.2,51.015,702684.0,41.8955
2021-03-25 14:45:00,49.7,50.39,49.69,50.1701,431323.0,39.6066
2021-03-25 14:30:00,50.01,50.1374,49.61,49.695,426426.0,40.5812
2021-03-25 14:15:00,49.98,50.12,49.76,49.995,448677.0,40.4418
2021-03-25 14:00:00,50.2,50.24,49.95,49.985,428918.0,41.1381
2021-03-25 13:45:00,50.28,50.4,50.06,50.2225,412181.0,41.3929
2021-03-25 13:30:00,50.44,50.6,50.07,50.285,545101.0,41.9034
2021-03-25 13:15:00,50.5401,50.59,50.25,50.44,657622.0,42.2238
2021-03-25 13:00:00,50.43,51.06,50.43,50.54,743904.0,41.742
2021-03-25 12:45:00,50.67,50.73,50.22,50.46,395635.0,42.5016
2021-03-25 12:30:00,50.21,50.77,50.21,50.65,467838.0,40.4596
2021-03-25 12:15:00,50.31,50.64,50.1701,50.21,708931.0,40.7691
2021-03-25 12:00:00,49.3497,50.38,49.33,50.31,838532.0,36.157
2021-03-25 11:45:00,49.08,49.7296,49.0501,49.344,869530.0,34.754
2021-03-25 11:30:00,48.86,49.11,48.56,49.075,671804.0,33.5832
2021-03-25 11:15:00,48.84,49.0393,48.32,48.86,836196.0,33.4765
2021-03-25 11:00:00,49.09,49.21,48.43,48.81,1077121.0,34.1509
2021-03-25 10:45:00,49.45,49.57,48.9905,49.075,745585.0,35.1538
2021-03-25 10:30:00,49.81,49.9,49.4,49.45,688463.0,36.1991
2021-03-25 10:15:00,50.04,50.46,49.6331,49.83,1038679.0,36.8882
2021-03-25 10:00:00,50.31,50.37,49.22,50.0301,1157529.0,37.717
2021-03-25 09:45:00,49.27,50.55,48.5611,50.32,1867744.0,31.9236
2021-03-25 09:30:00,49.3,49.44,49.26,49.44,53672.0,32.008
2021-03-25 09:15:00,49.7,49.88,49.25,49.25,48369.0,33.1581
2021-03-25 09:00:00,49.76,49.76,49.7,49.74,16706.0,33.3348
2021-03-25 08:45:00,49.72,49.85,49.7,49.7,10389.0,33.1011
2021-03-25 08:30:00,49.7,49.8,49.7,49.72,7885.0,32.9856
2021-03-25 08:15:00,50.7399,50.82,49.61,49.7,28697.0,36.1789
2021-03-25 08:00:00,50.15,50.15,49.87,49.9,7663.0,32.5358
2021-03-25 07:45:00,50.41,50.41,50.18,50.2,5872.0,33.3612
2021-03-25 07:30:00,50.55,50.56,50.51,50.51,3058.0,33.8154
2021-03-25 07:15:00,50.81,51.07,50.45,50.45,7513.0,34.6776
2021-03-25 06:30:00,51.0,51.1,51.0,51.1,510.0,35.3248
2021-03-25 06:00:00,51.0,51.0,50.99,50.99,440.0,35.3248
2021-03-25 05:00:00,51.21,51.21,51.21,51.21,346.0,36.0437
2021-03-25 04:45:00,51.21,51.21,51.21,51.21,851.0,36.0437
2021-03-25 04:30:00,51.2,51.2,51.2,51.2,604.0,35.9838
2021-03-25 04:15:00,51.21,51.22,51.21,51.22,601.0,36.017
2021-03-24 20:00:00,50.5,50.5,50.3,50.44,11539.0,31.6086
2021-03-24 19:45:00,50.41,50.41,50.41,50.41,1831.0,31.0162
2021-03-24 19:30:00,50.39,50.5,50.39,50.41,14191.0,30.8854
2021-03-24 19:15:00,50.5,50.5,50.37,50.37,1026.0,31.2055
2021-03-24 19:00:00,50.6,50.6,50.35,50.5,5954.0,31.4972
2021-03-24 18:45:00,50.5,50.65,50.5,50.65,2430.0,30.8615
2021-03-24 18:30:00,50.5501,50.63,50.34,50.34,8567.0,31.0033
2021-03-24 18:15:00,50.57,50.6,50.52,50.55,1290.0,31.059
2021-03-24 18:00:00,50.54,50.6,50.5,50.5201,2887.0,30.8748
2021-03-24 17:45:00,50.63,50.63,50.55,50.55,2125.0,31.1201
2021-03-24 17:30:00,50.48,50.6,50.34,50.55,18840.0,30.2116
2021-03-24 17:15:00,50.6,50.6,50.45,50.45,5548.0,30.5284
2021-03-24 17:00:00,50.6,50.6,50.41,50.59,14501.0,30.5284
2021-03-24 16:45:00,50.56,50.65,50.54,50.6,11153.0,30.2928
2021-03-24 16:30:00,50.59,50.65,50.55,50.55,3835.0,30.3688
2021-03-24 16:15:00,50.51,50.65,50.0,50.64,31483.0,29.908
2021-03-24 16:00:00,50.34,50.5499,49.51,50.5043,3978505.0,28.9253
2021-03-24 15:45:00,51.03,51.045,50.025,50.34,2290530.0,30.6398
2021-03-24 15:30:00,51.45,51.455,50.93,51.03,1492254.0,31.7669
2021-03-24 15:15:00,51.69,51.705,51.2,51.4502,983300.0,32.4374
2021-03-24 15:00:00,52.09,52.34,51.605,51.68,1253749.0,33.5996
2021-03-24 14:45:00,52.66,52.67,51.89,52.0901,709250.0,35.3756
2021-03-24 14:30:00,52.51,52.85,52.46,52.69,526361.0,34.4794
2021-03-24 14:15:00,52.68,52.77,52.43,52.5,288435.0,35.0206
2021-03-24 14:00:00,52.47,52.84,52.47,52.67,479600.0,33.7575
2021-03-24 13:45:00,52.65,52.88,52.45,52.455,545240.0,34.3198
2021-03-24 13:30:00,52.3707,52.85,52.19,52.66,668056.0,32.607
2021-03-24 13:15:00,52.865,52.865,52.3201,52.365,1497840.0,34.1571
2021-03-24 13:00:00,53.23,53.26,52.78,52.87,1006893.0,35.3784
2021-03-24 12:45:00,53.5,53.51,53.09,53.24,642727.0,36.3231
2021-03-24 12:30:00,53.505,53.75,53.29,53.47,446485.0,36.3408
2021-03-24 12:15:00,53.49,53.74,53.4,53.505,470221.0,36.2493
2021-03-24 12:00:00,53.91,53.95,53.11,53.49,595673.0,37.7428
2021-03-24 11:45:00,54.18,54.27,53.78,53.91,377010.0,38.7521
2021-03-24 11:30:00,54.27,54.35,53.93,54.1994,794398.0,39.0948
2021-03-24 11:15:00,54.47,54.6999,54.09,54.24,503622.0,39.8651
2021-03-24 11:00:00,54.06,54.8,54.031,54.47,737085.0,37.3778
2021-03-24 10:45:00,54.19,54.46,53.89,54.05,624774.0,37.8661
2021-03-24 10:30:00,54.19,54.4498,53.85,54.195,877228.0,37.8661
2021-03-24 10:15:00,54.73,55.065,54.18,54.195,744295.0,39.9632
2021-03-24 10:00:00,55.32,55.37,54.55,54.72,1105681.0,42.4915
2021-03-24 09:45:00,55.7,56.36,55.05,55.325,1164790.0,44.2651
2021-03-24 09:30:00,55.65,55.74,55.36,55.36,7367.0,43.9624
2021-03-24 09:15:00,55.93,55.94,55.65,55.75,15637.0,45.3175
2021-03-24 09:00:00,55.95,55.95,55.9,55.9,5722.0,45.4158
2021-03-24 08:45:00,55.95,55.95,55.91,55.91,1735.0,45.4158
2021-03-24 08:30:00,55.9,55.92,55.85,55.91,2658.0,45.128
2021-03-24 08:15:00,55.75,56.0,55.75,55.95,13682.0,44.2611
2021-03-24 08:00:00,55.86,55.86,55.85,55.85,522.0,44.7711
2021-03-24 07:45:00,55.84,55.84,55.84,55.84,1210.0,44.6571
2021-03-24 07:30:00,55.76,55.76,55.76,55.76,210.0,44.204
2021-03-24 07:15:00,55.8,55.8,55.8,55.8,364.0,44.3826
2021-03-24 07:00:00,56.01,56.01,56.01,56.01,720.0,45.3285
2021-03-24 06:30:00,55.85,55.85,55.85,55.85,302.0,44.4414
2021-03-24 04:45:00,55.79,55.79,55.79,55.79,550.0,44.107
2021-03-24 04:30:00,55.03,55.03,55.0,55.0,863.0,39.5771
2021-03-23 20:00:00,55.36,55.36,55.32,55.32,2210.0,40.9958
2021-03-23 19:45:00,55.38,55.38,55.37,55.37,846.0,41.0835
2021-03-23 19:30:00,55.45,55.5,55.45,55.5,654.0,41.3885
2021-03-23 19:15:00,55.45,55.45,55.36,55.36,7241.0,41.3885
2021-03-23 19:00:00,55.39,55.44,55.38,55.44,2761.0,41.0257
2021-03-23 18:45:00,55.42,55.42,55.33,55.33,384.0,41.1509
2021-03-23 18:30:00,55.4,55.4,55.32,55.33,2907.0,41.0329
2021-03-23 18:00:00,55.45,55.45,55.43,55.44,1817.0,41.2362
2021-03-23 17:45:00,55.4,55.4,55.33,55.38,517.0,40.9485
2021-03-23 17:30:00,55.43,55.43,55.4,55.4,791.0,41.0671
2021-03-23 17:15:00,55.45,55.45,55.32,55.35,6513.0,41.1452
2021-03-23 17:00:00,55.44,55.45,55.32,55.45,2387.0,41.0901
2021-03-23 16:45:00,55.4,55.47,55.4,55.47,23574.0,40.8724
2021-03-23 16:30:00,55.49,55.49,55.37,55.45,2825.0,41.2094
2021-03-23 16:15:00,55.26,55.74,55.26,55.36,378233.0,39.9655
2021-03-23 16:00:00,55.377,55.67,55.24,55.24,1751037.0,40.393
2021-03-23 15:45:00,55.37,55.535,55.205,55.36,827317.0,40.3555
2021-03-23 15:30:00,55.6601,55.74,55.3301,55.37,573120.0,41.4184
2021-03-23 15:15:00,55.67,56.0,55.62,55.677,1020171.0,41.455
2021-03-23 15:00:00,55.68,55.88,55.65,55.65,264786.0,41.4915
2021-03-23 14:45:00,55.74,55.84,55.64,55.69,265247.0,41.7079
2021-03-23 14:30:00,55.725,55.88,55.62,55.75,274252.0,41.633
2021-03-23 14:15:00,55.6301,55.94,55.55,55.73,381855.0,41.1631
2021-03-23 14:00:00,55.82,55.8865,55.6,55.645,407063.0,41.8257
2021-03-23 13:45:00,55.95,55.95,55.67,55.82,334087.0,42.2839
2021-03-23 13:30:00,55.99,56.12,55.85,55.94,201458.0,42.4246
2021-03-23 13:15:00,55.86,56.09,55.75,55.9807,273001.0,41.8061
2021-03-23 13:00:00,55.75,56.09,55.74,55.85,287631.0,41.2812
2021-03-23 12:45:00,55.8,55.96,55.67,55.75,236199.0,41.4483
2021-03-23 12:30:00,55.845,56.01,55.56,55.77,556722.0,41.5973
2021-03-23 12:15:00,56.07,56.2,55.78,55.86,578505.0,42.3458
2021-03-23 12:00:00,56.3,56.54,55.84,56.06,446681.0,43.1257
2021-03-23 11:45:00,56.645,56.73,56.17,56.3275,276614.0,44.3301
2021-03-23 11:30:00,56.63,56.985,56.57,56.65,400524.0,44.2636
2021-03-23 11:15:00,56.625,56.8,56.27,56.61,403573.0,44.2417
2021-03-23 11:00:00,56.31,56.73,56.27,56.615,347819.0,42.854
2021-03-23 10:45:00,56.97,57.0,56.07,56.34,614123.0,45.1702
2021-03-23 10:30:00,56.95,57.27,56.59,56.965,533621.0,45.0818
2021-03-23 10:15:00,56.74,57.1299,56.65,56.925,622056.0,44.1516
2021-03-23 10:00:00,57.05,57.119,56.53,56.76,857764.0,45.2645
2021-03-23 09:45:00,58.1,58.19,56.91,57.05,649265.0,49.4129
2021-03-23 09:30:00,57.89,58.0,57.82,58.0,5587.0,48.4844
2021-03-23 09:15:00,57.93,57.96,57.82,57.87,9548.0,48.6516
2021-03-23 09:00:00,57.91,58.05,57.91,58.05,6072.0,48.5644
2021-03-23 08:45:00,57.82,57.91,57.82,57.91,2042.0,48.1747
2021-03-23 08:30:00,57.83,57.83,57.82,57.82,616.0,48.2146
2021-03-23 08:15:00,58.0,58.0,57.7,57.92,2215.0,48.8916
2021-03-23 07:45:00,58.0,58.0,58.0,58.0,909.0,48.8916
2021-03-23 07:30:00,58.0,58.1,57.92,58.1,5126.0,48.8916
2021-03-23 07:15:00,57.8,58.0,57.8,57.92,3017.0,48.0761
2021-03-23 07:00:00,57.62,57.62,57.62,57.62,100.0,47.3323
2021-03-23 06:45:00,57.5,57.5,57.5,57.5,236.0,46.833
2021-03-23 06:15:00,57.4,57.4,57.32,57.32,1327.0,46.4168
2021-03-23 05:30:00,57.4,57.4,57.4,57.4,106.0,46.4168
2021-03-23 05:00:00,57.39,57.6,57.39,57.6,1498.0,46.3762
2021-03-23 04:45:00,57.21,57.39,57.21,57.39,833.0,45.6473
2021-03-23 04:15:00,57.6,57.6,57.6,57.6,203.0,47.0086
2021-03-22 20:00:00,57.95,58.01,57.8,57.8,4325.0,48.2791
2021-03-22 19:45:00,57.96,57.96,57.8,57.8,420.0,48.3158
2021-03-22 19:30:00,58.0,58.01,57.83,57.84,1955.0,48.4607
2021-03-22 19:00:00,58.0,58.0,57.8301,58.0,795.0,48.4607
2021-03-22 18:45:00,57.83,58.26,57.83,58.26,11323.0,47.8178
2021-03-22 18:30:00,57.85,58.05,57.8,58.05,2415.0,47.8869
2021-03-22 18:00:00,57.94,57.94,57.9,57.9,1620.0,48.1951
2021-03-22 17:45:00,57.98,57.98,57.91,57.91,3009.0,48.331
2021-03-22 17:30:00,57.97,57.98,57.91,57.98,15252.0,48.2952
2021-03-22 17:15:00,57.98,57.98,57.8,57.95,1423.0,48.3281
2021-03-22 17:00:00,58.11,58.11,58.0,58.0,4378.0,48.7537
2021-03-22 16:45:00,58.14,58.16,58.1,58.15,5260.0,48.8513
2021-03-22 16:30:00,58.15,58.16,58.1,58.12,3525.0,48.8834
2021-03-22 16:15:00,58.16,58.25,58.0,58.1,266383.0,48.915
2021-03-22 16:00:00,58.55,58.57,58.11,58.14,1932117.0,50.1579
2021-03-22 15:45:00,58.3,58.69,58.2957,58.545,949539.0,49.3466
2021-03-22 15:30:00,58.46,58.5,58.14,58.3,609103.0,49.8573
2021-03-22 15:15:00,58.235,58.6797,58.235,58.46,1011297.0,49.1292
2021-03-22 15:00:00,58.0444,58.2399,57.94,58.23,294729.0,48.5064
2021-03-22 14:45:00,58.16,58.33,57.88,58.05,332332.0,48.8632
2021-03-22 14:30:00,58.33,58.34,58.0,58.15,313666.0,49.3885
2021-03-22 14:15:00,58.31,58.52,58.14,58.32,381333.0,49.3255
2021-03-22 14:00:00,58.155,58.46,58.03,58.3099,537575.0,48.84
2021-03-22 13:45:00,57.59,58.2699,57.5401,58.155,548471.0,47.0205
2021-03-22 13:30:00,57.21,57.76,57.15,57.615,373359.0,45.7444
2021-03-22 13:15:00,57.35,57.3899,57.04,57.2,329196.0,46.1471
2021-03-22 13:00:00,57.61,57.7,57.2505,57.37,379177.0,46.9011
2021-03-22 12:45:00,57.87,57.9,57.3901,57.57,463891.0,47.6669
2021-03-22 12:30:00,57.105,58.0,57.03,57.86,947087.0,45.0719
2021-03-22 12:15:00,57.015,57.25,56.78,57.105,464524.0,44.755
2021-03-22 12:00:00,56.89,57.11,56.58,57.024,577876.0,44.3163
2021-03-22 11:45:00,56.9,57.08,56.69,56.905,654370.0,44.344
2021-03-22 11:30:00,56.525,57.04,56.41,56.8831,1114041.0,43.0306
2021-03-22 11:15:00,55.69,56.52,55.68,56.505,1118002.0,39.9267
2021-03-22 11:00:00,55.92,56.04,55.64,55.69,1230374.0,40.5248
2021-03-22 10:45:00,55.4,55.92,55.17,55.92,1015169.0,38.476
2021-03-22 10:30:00,54.87,55.54,54.6001,55.38,2208852.0,36.276
2021-03-22 10:15:00,55.83,56.02,54.73,54.87,2704148.0,38.7436
2021-03-22 10:00:00,56.45,56.77,55.71,55.8151,1295913.0,40.4929
2021-03-22 09:45:00,57.19,58.0,56.33,56.44,1663666.0,42.7587
2021-03-22 09:30:00,57.64,57.91,57.1,57.1,59044.0,44.2389
2021-03-22 09:15:00,57.53,57.73,57.45,57.64,13100.0,43.771
2021-03-22 09:00:00,57.49,57.61,57.34,57.5,17394.0,43.6018
2021-03-22 08:45:00,57.56,57.74,57.5,57.5,30492.0,43.8288
2021-03-22 08:30:00,57.5,57.67,57.3,57.55,25901.0,43.5812
2021-03-22 08:15:00,57.5001,57.98,57.38,57.55,48081.0,43.5816
2021-03-22 08:00:00,57.63,57.63,57.5,57.54,6041.0,43.9874
2021-03-22 07:45:00,57.7,57.79,57.68,57.68,11698.0,44.2055
2021-03-22 07:30:00,57.69,57.71,57.65,57.7,6565.0,44.1666
2021-03-22 07:15:00,57.47,57.7,57.47,57.69,11613.0,43.3118
2021-03-22 07:00:00,57.22,57.22,57.22,57.22,204.0,42.325
2021-03-22 06:45:00,57.39,57.4,57.39,57.4,782.0,42.8234
2021-03-22 06:30:00,57.26,57.49,57.26,57.34,3926.0,42.3126
2021-03-22 06:15:00,59.0,59.0,56.8,57.19,24115.0,47.9512
2021-03-22 06:00:00,59.63,59.63,59.63,59.63,693.0,50.3396
2021-03-19 20:00:00,58.44,58.44,58.26,58.26,2475.0,45.2769
2021-03-19 19:45:00,58.3,58.44,58.25,58.44,1657.0,44.6238
2021-03-19 19:30:00,58.33,58.33,58.33,58.33,175.0,44.7363
2021-03-19 19:15:00,58.4,58.4,58.35,58.35,1829.0,44.9966
2021-03-19 19:00:00,58.4,58.4,58.4,58.4,105.0,44.9966
2021-03-19 18:45:00,58.44,58.45,58.42,58.42,1427.0,45.1417
2021-03-19 18:30:00,58.37,58.45,58.37,58.45,2634.0,44.8355
2021-03-19 18:00:00,58.45,58.45,58.36,58.36,1682.0,45.1185
2021-03-19 17:45:00,58.327,58.327,58.3,58.3,314.0,44.5898
2021-03-19 17:30:00,58.35,58.4,58.312,58.36,2067.0,44.6689
2021-03-19 17:15:00,58.51,58.51,58.25,58.48,5754.0,45.2178
2021-03-19 17:00:00,58.5,58.53,58.5,58.5,7750.0,45.1764
2021-03-19 16:45:00,58.3,58.52,58.21,58.52,9536.0,44.3492
2021-03-19 16:30:00,58.3,58.3,58.29,58.29,2689.0,44.3492
2021-03-19 16:15:00,58.36,58.51,58.36,58.46,645875.0,44.5442
2021-03-19 16:00:00,58.23,58.51,58.02,58.35,1180988.0,44.0199
2021-03-19 15:45:00,58.0,58.38,57.98,58.23,655759.0,43.0836
2021-03-19 15:30:00,57.9,58.06,57.82,58.01,387769.0,42.6738
2021-03-19 15:15:00,58.1601,58.19,57.87,57.9,285171.0,43.4745
2021-03-19 15:00:00,58.14,58.3,57.87,58.16,879414.0,43.3938
2021-03-19 14:45:00,57.81,58.11,57.71,58.11,461985.0,42.058
2021-03-19 14:30:00,57.97,57.98,57.68,57.81,476138.0,42.5366
2021-03-19 14:15:00,58.04,58.19,57.88,57.97,330082.0,42.7458
2021-03-19 14:00:00,58.33,58.4539,58.0,58.03,376724.0,43.62
2021-03-19 13:45:00,58.2698,58.47,58.11,58.32,423827.0,43.3837
2021-03-19 13:30:00,58.0,58.57,57.981,58.27,480943.0,42.3181
2021-03-19 13:15:00,58.27,58.2939,57.82,58.015,359320.0,43.1166
2021-03-19 13:00:00,58.17,58.3,58.1,58.26,201020.0,42.723
2021-03-19 12:45:00,58.04,58.35,57.97,58.16,249973.0,42.2118
2021-03-19 12:30:00,58.32,58.37,58.01,58.05,266059.0,43.0251
2021-03-19 12:15:00,58.15,58.36,58.14,58.31,280553.0,42.3621
2021-03-19 12:00:00,58.04,58.5,57.96,58.14,425217.0,41.9321
2021-03-19 11:45:00,58.25,58.33,57.97,58.0599,239136.0,42.5277
2021-03-19 11:30:00,58.35,58.48,57.81,58.2676,350640.0,42.8124
2021-03-19 11:15:00,58.72,58.87,58.1,58.37,577142.0,43.8813
2021-03-19 11:00:00,58.66,58.89,58.3303,58.7,718545.0,43.657
2021-03-19 10:45:00,57.985,58.87,57.75,58.6325,971568.0,41.0503
2021-03-19 10:30:00,57.88,58.18,57.5201,57.98,806179.0,40.6302
2021-03-19 10:15:00,58.7,58.73,57.42,57.89,784100.0,42.9827
2021-03-19 10:00:00,57.926,59.4,57.7,58.7,830605.0,39.7444
2021-03-19 09:45:00,58.65,58.79,57.86,57.95,1189720.0,41.9351
2021-03-19 09:30:00,59.0,59.01,58.65,58.65,16953.0,43.0635
2021-03-19 09:15:00,59.19,59.19,58.7128,59.0,18077.0,43.691
2021-03-19 09:00:00,59.37,59.4599,59.1,59.4599,20760.0,44.2923
2021-03-19 08:45:00,59.4,59.4,59.35,59.36,5273.0,44.3924
2021-03-19 08:30:00,59.36,59.4,59.3,59.33,10402.0,44.2271
2021-03-19 08:15:00,59.3845,59.49,59.0543,59.34,32571.0,44.3064
2021-03-19 08:00:00,59.23,59.35,59.23,59.35,1208.0,43.68
2021-03-19 07:45:00,59.23,59.24,59.23,59.23,1334.0,43.68
2021-03-19 07:30:00,59.23,59.23,59.2,59.2,826.0,43.68
2021-03-19 07:15:00,59.25,59.39,59.25,59.25,1291.0,43.7406
2021-03-19 06:45:00,59.0,59.0,59.0,59.0,250.0,42.7653
2021-03-19 06:30:00,59.1,59.1,59.1,59.1,129.0,43.0589
2021-03-19 06:15:00,59.01,59.01,59.01,59.01,316.0,42.7108
2021-03-19 05:30:00,59.78,59.78,59.6,59.6,1128.0,45.0265
2021-03-19 05:00:00,59.59,59.59,59.59,59.59,402.0,44.2936
2021-03-18 20:00:00,58.6,58.6,58.5,58.5999,3516.0,40.2099
2021-03-18 19:45:00,58.8,58.84,58.7,58.7,2550.0,40.8041
2021-03-18 19:30:00,58.8,58.8,58.8,58.8,300.0,40.8041
2021-03-18 19:15:00,58.88,58.88,58.7,58.7,437.0,41.0387
2021-03-18 19:00:00,58.78,58.8,58.69,58.75,5644.0,40.6191
2021-03-18 18:45:00,58.75,58.75,58.75,58.75,100.0,40.4941
2021-03-18 18:30:00,58.84,58.86,58.83,58.83,1657.0,40.747
2021-03-18 18:15:00,58.75,58.9,58.75,58.9,3273.0,40.3809
2021-03-18 18:00:00,58.85,58.88,58.75,58.78,5767.0,40.6554
2021-03-18 17:45:00,58.84,58.85,58.75,58.75,3487.0,40.6157
2021-03-18 17:30:00,58.88,58.88,58.72,58.78,2223.0,40.7228
2021-03-18 17:15:00,58.88,58.88,58.8,58.81,1753.0,40.7228
2021-03-18 17:00:00,58.65,58.9,58.65,58.88,4960.0,39.8406
2021-03-18 16:45:00,58.91,58.98,58.5301,58.5301,316199.0,40.5108
2021-03-18 16:30:00,58.72,58.98,58.72,58.91,11530.0,39.7829
2021-03-18 16:15:00,58.6,58.88,58.48,58.72,651417.0,39.3218
2021-03-18 16:00:00,58.86,58.9299,58.22,58.6,1955657.0,39.9739
2021-03-18 15:45:00,59.16,59.3399,58.82,58.86,940151.0,40.7406
2021-03-18 15:30:00,59.45,59.48,58.92,59.2,727873.0,41.4971
2021-03-18 15:15:00,59.765,59.82,59.28,59.46,585901.0,42.3368
2021-03-18 15:00:00,59.68,60.0599,59.68,59.78,686196.0,42.0255
2021-03-18 14:45:00,60.0,60.1565,59.52,59.67,652820.0,42.8824
2021-03-18 14:30:00,60.16,60.23,59.94,59.9922,490417.0,43.3167
2021-03-18 14:15:00,60.44,60.45,60.095,60.17,367381.0,44.085
2021-03-18 14:00:00,60.4,60.52,60.2201,60.42,301311.0,43.9453
2021-03-18 13:45:00,60.6454,60.65,60.2301,60.37,447193.0,44.6176
2021-03-18 13:30:00,60.62,60.8099,60.55,60.65,244922.0,44.5313
2021-03-18 13:15:00,60.58,60.895,60.45,60.62,440988.0,44.397
2021-03-18 13:00:00,61.18,61.2,60.6,60.6,425972.0,46.041
2021-03-18 12:45:00,61.4596,61.5499,61.06,61.22,271442.0,46.8357
2021-03-18 12:30:00,61.33,61.6109,61.011,61.43,451623.0,46.4141
2021-03-18 12:15:00,61.195,61.48,61.09,61.35,321368.0,45.9753
2021-03-18 12:00:00,61.48,61.53,60.84,61.22,661620.0,46.7704
2021-03-18 11:45:00,61.59,61.75,61.4,61.48,654877.0,47.0794
2021-03-18 11:30:00,61.17,61.63,61.15,61.54,480834.0,45.7333
2021-03-18 11:15:00,61.505,61.9275,61.14,61.15,460165.0,46.6643
2021-03-18 11:00:00,61.56,61.71,61.15,61.4505,519829.0,46.8182
2021-03-18 10:45:00,61.395,61.9,61.06,61.58,657230.0,46.2957
2021-03-18 10:30:00,60.92,61.5,60.66,61.41,810166.0,44.7597
2021-03-18 10:15:00,61.99,62.05,60.7,60.92,982171.0,47.7873
2021-03-18 10:00:00,61.45,62.3,61.115,61.99,1128536.0,45.9738
2021-03-18 09:45:00,63.17,63.23,61.33,61.47,1250045.0,51.5858
2021-03-18 09:30:00,62.77,63.15,62.7,63.15,13847.0,50.1955
2021-03-18 09:15:00,62.9,62.9,62.74,62.74,4136.0,50.6604
2021-03-18 09:00:00,62.8,62.9,62.75,62.88,6736.0,50.3123
2021-03-18 08:45:00,62.8901,62.9399,62.72,62.75,3996.0,50.6288
2021-03-18 08:30:00,62.8902,62.94,62.89,62.8919,5933.0,50.6292
2021-03-18 08:15:00,63.0,63.6,62.9,62.9,20121.0,51.0072
2021-03-18 08:00:00,63.1,63.1,63.09,63.09,647.0,51.3507
2021-03-18 07:45:00,63.2,63.2,62.96,62.97,4343.0,51.6929
2021-03-18 07:15:00,63.5,63.55,63.38,63.39,3565.0,52.7297
2021-03-18 06:45:00,63.36,63.37,63.36,63.37,300.0,52.2906
2021-03-18 05:30:00,63.29,63.29,63.2,63.2,953.0,52.0717
2021-03-18 05:15:00,63.29,63.29,63.29,63.29,100.0,52.0717
2021-03-18 05:00:00,63.31,63.31,63.31,63.31,139.0,52.1378
2021-03-18 04:45:00,63.51,63.51,63.29,63.3,2497.0,52.7967
2021-03-18 04:15:00,63.2,63.2,63.2,63.2,100.0,51.8696
2021-03-17 20:00:00,64.08,64.29,64.08,64.29,3877.0,54.8782
2021-03-17 19:45:00,63.92,64.1,63.8,64.1,4962.0,54.4054
2021-03-17 19:30:00,63.96,63.98,63.9,63.9,2165.0,54.5459
2021-03-17 19:15:00,64.04,64.04,64.0,64.0,1061.0,54.8244
2021-03-17 19:00:00,64.1,64.1,64.08,64.08,10735.0,55.0316
2021-03-17 18:45:00,64.16,64.16,64.1,64.1,1890.0,55.2369
2021-03-17 18:30:00,64.19,64.22,64.19,64.22,1467.0,55.3384
2021-03-17 18:15:00,64.18,64.19,64.18,64.19,2359.0,55.3115
2021-03-17 18:00:00,64.14,64.14,64.09,64.09,1403.0,55.2053
2021-03-17 17:45:00,64.14,64.19,64.14,64.19,3761.0,55.2053
2021-03-17 17:30:00,64.03,64.13,64.03,64.13,535.0,54.9205
2021-03-17 17:15:00,64.14,64.14,64.02,64.13,3170.0,55.266
2021-03-17 17:00:00,64.15,64.18,64.06,64.07,1617.0,55.2971
2021-03-17 16:45:00,64.15,64.18,64.06,64.18,15926.0,55.2971
2021-03-17 16:30:00,64.15,64.16,64.15,64.15,6741.0,55.2971
2021-03-17 16:15:00,63.95,64.2,63.85,64.19,185972.0,54.8136
2021-03-17 16:00:00,63.581,64.14,63.495,63.83,1534694.0,53.909
2021-03-17 15:45:00,63.69,63.79,63.35,63.5893,641115.0,54.2243
2021-03-17 15:30:00,63.94,64.15,63.6366,63.68,646695.0,54.9491
2021-03-17 15:15:00,63.72,64.3,63.67,63.94,764882.0,54.4219
2021-03-17 15:00:00,63.53,63.79,63.27,63.695,572624.0,53.9644
2021-03-17 14:45:00,62.42,63.6,62.29,63.5782,558711.0,51.1474
2021-03-17 14:30:00,63.6,63.6,62.27,62.4,674480.0,54.6427
2021-03-17 14:15:00,62.09,63.75,62.09,63.6,656352.0,50.3754
2021-03-17 14:00:00,62.2832,62.32,61.92,62.06,247386.0,50.9788
2021-03-17 13:45:00,62.4101,62.49,62.19,62.2601,239219.0,51.3763
2021-03-17 13:30:00,61.85,62.59,61.81,62.44,458135.0,49.6732
2021-03-17 13:15:00,61.82,62.09,61.65,61.85,331505.0,49.5801
2021-03-17 13:00:00,61.68,62.0701,61.65,61.87,246228.0,49.1488
2021-03-17 12:45:00,62.04,62.045,61.71,61.71,300840.0,50.2354
2021-03-17 12:30:00,61.62,62.1704,61.62,62.029,333387.0,48.9404
2021-03-17 12:15:00,61.28,61.78,61.19,61.61,198791.0,47.8604
2021-03-17 12:00:00,61.31,61.5363,61.245,61.3,127958.0,47.9484
2021-03-17 11:45:00,61.68,61.705,61.23,61.29,176941.0,49.042
2021-03-17 11:30:00,61.435,61.82,61.3805,61.73,289656.0,48.2738
2021-03-17 11:15:00,61.51,61.69,61.0,61.4269,227728.0,48.4938
2021-03-17 11:00:00,60.76,61.6,60.75,61.54,341030.0,46.0768
2021-03-17 10:45:00,61.5099,61.7,60.76,60.7912,418187.0,48.3056
2021-03-17 10:30:00,61.26,61.8322,60.9,61.48,675424.0,47.473
2021-03-17 10:15:00,60.86,61.43,60.45,61.235,623961.0,46.1067
2021-03-17 10:00:00,60.24,61.04,60.07,60.86,833863.0,43.882
2021-03-17 09:45:00,60.82,61.25,59.58,60.24,1568425.0,45.6141
2021-03-17 09:30:00,60.87,62.258,60.45,60.8,31566.0,45.7673
2021-03-17 09:15:00,61.13,61.13,60.7,60.8,10917.0,46.5667
2021-03-17 09:00:00,60.8,61.13,60.8,61.13,3786.0,45.3759
2021-03-17 08:45:00,61.01,61.05,60.8201,60.9,4899.0,46.0176
2021-03-17 08:30:00,61.07,61.25,60.92,61.01,16085.0,46.2012
2021-03-17 08:15:00,61.59,61.59,60.9,61.1,31255.0,47.8272
2021-03-17 08:00:00,61.18,61.21,61.18,61.21,3399.0,46.3636
2021-03-17 07:45:00,61.35,61.4,61.16,61.16,2032.0,46.9001
2021-03-17 07:30:00,61.2,61.2,61.15,61.15,1200.0,46.3616
2021-03-17 07:15:00,61.91,61.96,61.49,61.49,2651.0,48.6582
2021-03-17 04:30:00,62.92,62.92,62.92,62.92,100.0,52.2808
2021-03-16 20:00:00,61.78,61.9,61.78,61.9,778.0,47.9824
2021-03-16 19:45:00,61.9,61.9,61.77,61.77,3226.0,48.434
2021-03-16 19:30:00,62.02,62.2,61.89,61.89,3750.0,48.8864
2021-03-16 19:15:00,62.24,62.24,62.2,62.2,757.0,49.7238
2021-03-16 19:00:00,62.23,62.23,62.23,62.23,472.0,49.6852
2021-03-16 18:45:00,62.15,62.15,61.9,61.95,1911.0,49.3802
2021-03-16 18:30:00,62.15,62.15,62.15,62.15,2174.0,49.3802
2021-03-16 18:15:00,62.17,62.17,62.17,62.17,230.0,49.4526
2021-03-16 18:00:00,62.16,62.16,62.16,62.16,172.0,49.4161
2021-03-16 17:45:00,62.16,62.1666,62.15,62.15,440.0,49.4161
2021-03-16 17:30:00,62.21,62.21,62.16,62.16,2218.0,49.5893
2021-03-16 17:15:00,62.1,62.2,62.1,62.18,2322.0,49.2042
2021-03-16 17:00:00,62.13,62.15,62.11,62.15,5462.0,49.3052
2021-03-16 16:45:00,62.21,62.21,62.01,62.15,3024.0,49.5721
2021-03-16 16:30:00,62.2,62.2,62.2,62.2,67400.0,49.5385
2021-03-16 16:15:00,62.23,62.47,61.86,62.23,45696.0,49.636
2021-03-16 16:00:00,62.65,62.7558,62.16,62.18,1177744.0,51.0179
2021-03-16 15:45:00,62.5082,62.84,62.44,62.65,732491.0,50.5609
2021-03-16 15:30:00,62.63,62.74,62.43,62.5,565241.0,50.9625
2021-03-16 15:15:00,61.945,62.6495,61.75,62.63,634469.0,48.7097
2021-03-16 15:00:00,60.96,62.1,60.93,61.95,526856.0,45.1463
2021-03-16 14:45:00,61.67,61.88,60.92,60.92,595987.0,47.4846
2021-03-16 14:30:00,61.92,62.05,61.56,61.69,521635.0,48.3517
2021-03-16 14:15:00,61.57,61.99,61.495,61.94,354095.0,47.0199
2021-03-16 14:00:00,61.74,61.95,61.38,61.6,595081.0,47.6062
2021-03-16 13:45:00,61.67,61.79,61.43,61.75,562685.0,47.3403
2021-03-16 13:30:00,62.11,62.27,61.63,61.66,432590.0,48.8733
2021-03-16 13:15:00,62.01,62.3599,61.85,62.11,429482.0,48.5006
2021-03-16 13:00:00,62.3503,62.55,61.79,61.97,452828.0,49.7133
2021-03-16 12:45:00,62.09,62.41,62.06,62.365,462809.0,48.7494
2021-03-16 12:30:00,62.03,62.26,61.86,62.1,667554.0,48.5258
2021-03-16 12:15:00,62.83,62.93,62.01,62.025,698635.0,51.4703
2021-03-16 12:00:00,62.782,62.95,62.76,62.815,521568.0,51.296
2021-03-16 11:45:00,62.975,63.14,62.61,62.79,604047.0,52.0352
2021-03-16 11:30:00,63.22,63.37,62.93,62.975,870974.0,52.9884
2021-03-16 11:15:00,63.2,63.35,62.91,63.22,1040423.0,52.9191
2021-03-16 11:00:00,64.0738,64.41,63.2,63.21,1056437.0,56.4932
2021-03-16 10:45:00,64.46,64.68,64.01,64.09,535174.0,58.2016
2021-03-16 10:30:00,64.3365,64.62,64.02,64.44,439512.0,57.8003
2021-03-16 10:15:00,64.55,64.74,64.03,64.33,541175.0,58.7593
2021-03-16 10:00:00,64.21,64.5693,63.545,64.5693,977946.0,57.6592
2021-03-16 09:45:00,64.4,65.13,63.6,64.1842,1087115.0,58.5169
2021-03-16 09:30:00,64.45,64.55,64.4,64.55,7328.0,58.7431
2021-03-16 09:15:00,64.4799,64.4799,64.32,64.45,5711.0,58.8768
2021-03-16 09:00:00,64.3,64.66,64.3,64.55,3002.0,58.3152
2021-03-16 08:45:00,64.45,64.45,64.0,64.407,3663.0,58.9756
2021-03-16 08:30:00,64.48,64.74,64.45,64.65,22398.0,59.1073
2021-03-16 08:15:00,64.1299,64.48,63.8,64.31,14759.0,58.0322
2021-03-16 08:00:00,64.3,64.35,64.29,64.35,1318.0,58.7704
2021-03-16 07:45:00,64.2,64.24,64.19,64.19,1013.0,58.4649
2021-03-16 07:30:00,64.07,64.25,64.01,64.08,2563.0,58.0678
2021-03-16 07:15:00,63.99,64.0,63.99,64.0,956.0,57.8238
2021-03-16 05:15:00,64.23,64.23,64.23,64.23,303.0,58.8338
2021-03-16 05:00:00,64.47,64.47,64.47,64.47,539.0,59.8619
2021-03-16 04:15:00,64.0,64.0,64.0,64.0,450.0,58.4641
2021-03-15 20:00:00,63.5,63.5,63.36,63.36,2498.0,56.8938
2021-03-15 19:45:00,63.5,63.5,63.36,63.36,500.0,56.8938
2021-03-15 19:30:00,63.3,63.47,63.3,63.37,3896.0,56.2542
2021-03-15 19:15:00,63.35,63.48,63.35,63.48,1100.0,56.4601
2021-03-15 19:00:00,63.6,63.6,63.4,63.4,1701.0,57.4952
2021-03-15 18:45:00,63.59,63.64,63.58,63.64,1259.0,57.4645
2021-03-15 18:15:00,63.7,63.71,63.63,63.63,1899.0,57.9165
2021-03-15 17:45:00,63.72,63.72,63.6301,63.6301,642.0,57.9981
2021-03-15 17:15:00,63.66,63.7,63.63,63.63,13884.0,57.8229
2021-03-15 17:00:00,63.7,63.7,63.65,63.65,1777.0,57.9814
2021-03-15 16:45:00,63.85,63.85,63.63,63.63,2529.0,58.5738
2021-03-15 16:30:00,63.64,63.85,63.62,63.85,9173.0,57.9829
2021-03-15 16:15:00,63.74,63.98,63.63,63.63,1631717.0,58.3728
2021-03-15 16:00:00,63.83,63.9498,63.53,63.81,1512445.0,58.7223
2021-03-15 15:45:00,63.4,63.97,63.4,63.83,703797.0,57.5276
2021-03-15 15:30:00,63.4439,63.5099,63.16,63.395,390998.0,57.6952
2021-03-15 15:15:00,63.685,63.79,63.38,63.445,501020.0,58.6177
2021-03-15 15:00:00,63.645,63.78,63.56,63.66,389751.0,58.5095
2021-03-15 14:45:00,63.57,63.78,63.42,63.64,658078.0,58.3084
2021-03-15 14:30:00,63.24,63.62,63.11,63.5418,711277.0,57.4157
2021-03-15 14:15:00,63.28,63.42,63.03,63.23,288225.0,57.5626
2021-03-15 14:00:00,63.28,63.3399,63.17,63.27,208513.0,57.5626
2021-03-15 13:45:00,62.975,63.31,62.8234,63.27,233719.0,56.7467
2021-03-15 13:30:00,62.71,63.1,62.71,62.975,347389.0,56.0242
2021-03-15 13:15:00,62.852,62.94,62.6501,62.725,337637.0,56.5217
2021-03-15 13:00:00,62.69,62.93,62.62,62.865,289439.0,56.0842
2021-03-15 12:45:00,62.44,62.82,62.35,62.7,282076.0,55.4034
2021-03-15 12:30:00,62.665,62.685,62.34,62.43,269664.0,56.1741
2021-03-15 12:15:00,62.715,62.9,62.49,62.6731,314339.0,56.3454
2021-03-15 12:00:00,62.2123,62.88,62.04,62.73,555112.0,54.9885
2021-03-15 11:45:00,62.18,62.39,61.86,62.21,669822.0,54.8999
2021-03-15 11:30:00,62.688,62.76,62.05,62.2,672173.0,56.6231
2021-03-15 11:15:00,63.06,63.1,62.65,62.66,433914.0,57.9325
2021-03-15 11:00:00,62.7964,63.12,62.65,63.05,566738.0,57.2435
2021-03-15 10:45:00,62.55,62.94,62.45,62.8,539615.0,56.5901
2021-03-15 10:30:00,63.175,63.3,62.4001,62.54,564174.0,58.8328
2021-03-15 10:15:00,62.13,63.48,62.07,63.17,1014616.0,55.9635
2021-03-15 10:00:00,61.55,62.87,61.5322,62.155,828003.0,54.2221
2021-03-15 09:45:00,62.495,62.845,61.39,61.5735,1271217.0,57.8897
2021-03-15 09:30:00,62.82,62.85,62.23,62.26,19362.0,59.2449
2021-03-15 09:15:00,62.61,62.99,62.59,62.81,19524.0,58.6296
2021-03-15 09:00:00,62.53,62.78,62.4001,62.78,4514.0,58.3942
2021-03-15 08:45:00,62.5,62.5001,62.45,62.45,5583.0,58.3068
2021-03-15 08:30:00,62.5,62.65,62.5,62.6,3593.0,58.3068
2021-03-15 08:15:00,63.1999,63.24,62.5,62.51,13195.0,61.2093
2021-03-15 08:00:00,62.99,62.99,62.99,62.99,350.0,60.6313
2021-03-15 07:45:00,63.16,63.18,63.0,63.0,4314.0,61.3594
2021-03-15 07:30:00,63.2,63.2,63.2,63.2,1896.0,61.5303
2021-03-15 07:15:00,63.0,63.2,63.0,63.2,2244.0,60.9961
2021-03-15 07:00:00,63.23,63.23,63.23,63.23,160.0,61.9693
2021-03-15 06:15:00,62.9,62.9,62.82,62.82,718.0,61.0935
2021-03-15 06:00:00,62.83,62.83,62.83,62.83,130.0,60.9057
2021-03-15 05:00:00,62.52,62.53,62.52,62.53,1240.0,60.0662
2021-03-15 04:15:00,63.5,63.5,63.5,63.5,204.0,64.3622
2021-03-12 20:00:00,63.1,63.24,63.1,63.1,8149.0,63.309
2021-03-12 19:45:00,63.04,63.17,63.03,63.0301,2909.0,63.1484
2021-03-12 19:30:00,63.18,63.1999,63.03,63.03,2851.0,63.7892
2021-03-12 19:15:00,63.05,63.05,63.02,63.02,1533.0,63.4505
2021-03-12 19:00:00,63.21,63.25,63.0,63.0,12958.0,64.1769
2021-03-12 18:45:00,63.23,63.24,63.2,63.24,5217.0,64.2674
2021-03-12 18:30:00,63.13,63.2,63.06,63.2,4560.0,64.0181
2021-03-12 18:15:00,62.85,63.12,62.85,63.04,4059.0,63.3133
2021-03-12 18:00:00,62.82,62.86,62.82,62.86,4232.0,63.2375
2021-03-12 17:45:00,62.62,62.91,62.61,62.82,11643.0,62.7323
2021-03-12 17:30:00,62.64,62.64,62.55,62.6,2100.0,62.8172
2021-03-12 17:15:00,62.53,62.6,62.53,62.6,237.0,62.543
2021-03-12 17:00:00,62.4,62.8,62.4,62.65,311664.0,62.2194
2021-03-12 16:45:00,62.6,62.6,62.4,62.45,16550.0,63.0435
2021-03-12 16:30:00,62.5,62.6,62.25,62.51,24669.0,62.8013
2021-03-12 16:15:00,62.62,63.0,62.31,62.4,91362.0,63.2908
2021-03-12 16:00:00,61.53,64.36,61.5,62.62,5547579.0,60.5435
2021-03-12 15:45:00,60.97,61.62,60.79,61.54,1786166.0,58.9931
2021-03-12 15:30:00,60.73,61.18,60.65,60.9661,1001510.0,58.3026
2021-03-12 15:15:00,60.47,60.92,60.26,60.73,1027231.0,57.541
2021-03-12 15:00:00,60.5713,60.64,60.31,60.4739,471982.0,57.9465
2021-03-12 14:45:00,60.11,60.58,60.08,60.5701,377104.0,56.5762
2021-03-12 14:30:00,60.16,60.17,59.97,60.115,367270.0,56.7734
2021-03-12 14:15:00,60.1,60.36,59.9461,60.17,475613.0,56.5949
2021-03-12 14:00:00,60.3,60.305,60.06,60.09,418785.0,57.3714
2021-03-12 13:45:00,60.33,60.4595,60.2485,60.2937,327094.0,57.4878
2021-03-12 13:30:00,60.21,60.43,60.15,60.31,320474.0,57.1459
2021-03-12 13:15:00,60.145,60.46,59.9612,60.21,514180.0,56.9616
2021-03-12 13:00:00,60.115,60.36,59.87,60.12,627834.0,56.8774
2021-03-12 12:45:00,59.71,60.66,59.65,60.1,865031.0,55.7279
2021-03-12 12:30:00,59.99,60.01,59.56,59.7105,371012.0,56.7565
2021-03-12 12:15:00,59.6,60.12,59.3,60.0,569697.0,55.635
2021-03-12 12:00:00,59.67,59.88,59.44,59.6,504626.0,55.8908
2021-03-12 11:45:00,58.95,59.75,58.95,59.64,797127.0,53.7392
2021-03-12 11:30:00,58.47,58.98,58.41,58.94,315701.0,52.2111
2021-03-12 11:15:00,58.32,58.82,58.25,58.4801,372073.0,51.721
2021-03-12 11:00:00,58.24,58.51,57.99,58.3401,633941.0,51.46
2021-03-12 10:45:00,57.966,58.3,57.63,58.25,711595.0,50.5596
2021-03-12 10:30:00,58.53,58.6939,57.79,58.0,647482.0,52.5319
2021-03-12 10:15:00,59.2728,59.3084,58.52,58.52,754542.0,55.327
2021-03-12 10:00:00,58.36,59.39,57.76,59.3,963329.0,52.2574
2021-03-12 09:45:00,58.33,58.49,57.0863,58.33,1365359.0,52.1511
2021-03-12 09:30:00,58.05,58.54,57.85,58.54,28790.0,51.1534
2021-03-12 09:15:00,58.53,58.54,58.0,58.0,33450.0,53.0169
2021-03-12 09:00:00,58.61,58.7291,58.53,58.7291,8686.0,53.3354
2021-03-12 08:45:00,58.65,58.7,58.65,58.65,6869.0,53.4934
2021-03-12 08:30:00,58.47,58.69,58.35,58.66,4186.0,52.8757
2021-03-12 08:15:00,58.0501,58.7499,58.05,58.5,43714.0,51.395
2021-03-12 08:00:00,58.31,58.6,58.31,58.55,5718.0,52.3971
2021-03-12 07:45:00,58.38,58.4,58.3,58.3,2597.0,52.669
2021-03-12 07:30:00,58.4,58.53,58.4,58.4,5716.0,52.746
2021-03-12 07:15:00,58.1,58.2,58.1,58.2,11406.0,51.7056
2021-03-12 06:15:00,58.0,58.19,58.0,58.19,301.0,51.3546
2021-03-12 06:00:00,57.85,57.85,57.85,57.85,350.0,50.8274
2021-03-12 05:45:00,57.5,57.5,57.5,57.5,388.0,49.5734
2021-03-12 05:30:00,57.85,57.85,57.5,57.5,3145.0,50.8485
2021-03-12 05:15:00,57.53,57.53,57.53,57.53,200.0,49.685
2021-03-12 05:00:00,57.72,57.72,57.62,57.62,825.0,50.3813
2021-03-12 04:45:00,57.63,57.63,57.63,57.63,865.0,50.0553
2021-03-12 04:30:00,57.61,57.61,57.61,57.61,300.0,49.9835
2021-03-12 04:15:00,58.4,58.4,57.09,57.56,1719.0,52.9401
2021-03-11 20:00:00,59.75,59.99,59.7,59.98,2058.0,58.7831
2021-03-11 19:45:00,59.75,59.85,59.75,59.85,4375.0,58.7831
2021-03-11 19:30:00,59.7,59.7999,59.7,59.77,2423.0,58.6196
2021-03-11 19:15:00,59.65,59.65,59.65,59.65,279.0,58.4574
2021-03-11 19:00:00,59.69,59.74,59.66,59.74,2966.0,58.6382
2021-03-11 18:45:00,59.69,59.69,59.65,59.69,2873.0,58.6382
2021-03-11 18:30:00,59.62,59.65,59.46,59.62,5554.0,58.4207
2021-03-11 18:15:00,59.54,59.6,59.54,59.6,2166.0,58.1735
2021-03-11 18:00:00,59.49,59.55,59.41,59.41,1739.0,58.0201
2021-03-11 17:45:00,59.15,59.5,59.15,59.33,12955.0,56.9649
2021-03-11 17:30:00,59.3,59.3,59.15,59.15,4306.0,57.5929
2021-03-11 17:15:00,59.5,59.5,59.3,59.3,3021.0,58.4376
2021-03-11 17:00:00,59.4,59.5,59.3,59.35,3155.0,58.1357
2021-03-11 16:45:00,59.32,59.62,59.32,59.5,35816.0,57.8952
2021-03-11 16:30:00,59.6,59.6,59.3,59.32,7877.0,59.0633
2021-03-11 16:15:00,59.62,59.82,59.52,59.62,682534.0,59.1471
2021-03-11 16:00:00,59.42,59.97,59.37,59.62,2016447.0,58.5689
2021-03-11 15:45:00,59.77,59.89,59.21,59.43,977395.0,60.031
2021-03-11 15:30:00,59.52,59.78,59.44,59.76,661165.0,59.3177
2021-03-11 15:15:00,59.4,59.8419,59.38,59.53,889823.0,58.9721
2021-03-11 15:00:00,59.45,59.64,59.33,59.4,475242.0,59.1781
2021-03-11 14:45:00,58.69,59.54,58.6694,59.4337,700110.0,56.9296
2021-03-11 14:30:00,59.03,59.085,58.685,58.695,703876.0,58.3433
2021-03-11 14:15:00,59.25,59.29,58.97,59.02,497619.0,59.2799
2021-03-11 14:00:00,59.25,59.49,58.91,59.23,418875.0,59.2799
2021-03-11 13:45:00,59.19,59.515,59.11,59.25,668694.0,59.1068
2021-03-11 13:30:00,58.79,59.2,58.77,59.18,414669.0,57.9343
2021-03-11 13:15:00,58.84,59.05,58.7203,58.8,482837.0,58.1392
2021-03-11 13:00:00,59.14,59.25,58.71,58.85,559785.0,59.3782
2021-03-11 12:45:00,59.35,59.35,58.88,59.1631,440403.0,60.2622
2021-03-11 12:30:00,59.09,59.49,59.08,59.3057,544553.0,59.5287
2021-03-11 12:15:00,58.72,59.2,58.55,59.07,572709.0,58.4555
2021-03-11 12:00:00,59.1125,59.39,58.61,58.71,917851.0,60.1184
2021-03-11 11:45:00,59.21,59.32,58.72,59.12,806221.0,60.539
2021-03-11 11:30:00,58.7,59.25,58.48,59.195,904977.0,59.0658
2021-03-11 11:15:00,58.25,58.78,58.2,58.7,641908.0,57.6954
2021-03-11 11:00:00,58.33,58.52,58.01,58.2036,791082.0,58.0351
2021-03-11 10:45:00,58.17,58.65,57.8699,58.335,962480.0,57.5435
2021-03-11 10:30:00,57.5799,58.48,57.2,58.11,1429961.0,55.66
2021-03-11 10:15:00,56.72,58.0423,56.72,57.5489,1231883.0,52.6501
2021-03-11 10:00:00,56.635,57.22,56.48,56.7,984949.0,52.3356
2021-03-11 09:45:00,56.75,57.04,56.25,56.68,1804035.0,52.8022
2021-03-11 09:30:00,56.55,56.7,56.51,56.7,19781.0,52.0714
2021-03-11 09:15:00,56.61,56.65,56.51,56.52,7933.0,52.3103
2021-03-11 09:00:00,56.6,56.72,56.59,56.7,14506.0,52.2744
2021-03-11 08:45:00,56.7,56.72,56.51,56.67,8327.0,52.6642
2021-03-11 08:30:00,56.65,56.7,56.62,56.7,6953.0,52.49
2021-03-11 08:15:00,56.77,56.81,56.3,56.7,17186.0,52.9497
2021-03-11 08:00:00,56.7,56.74,56.69,56.71,4156.0,52.7122
2021-03-11 07:45:00,56.67,56.67,56.4,56.4,4778.0,52.6113
2021-03-11 07:30:00,56.57,56.6,56.35,56.6,4520.0,52.2778
2021-03-11 07:15:00,56.56,56.7,56.51,56.65,5258.0,52.2447
2021-03-11 07:00:00,56.67,56.67,56.54,56.54,1308.0,52.6391
2021-03-11 06:45:00,56.67,56.67,56.67,56.67,145.0,52.6391
2021-03-11 06:15:00,56.81,56.81,56.81,56.81,1694.0,53.1327
2021-03-11 05:00:00,56.89,56.89,56.89,56.89,339.0,53.4141
2021-03-11 04:30:00,56.89,56.89,56.89,56.89,172.0,53.4141
2021-03-11 04:15:00,56.71,57.0,56.5,56.5,5362.0,52.871
2021-03-10 20:00:00,55.11,55.3,55.05,55.05,1582.0,47.5235
2021-03-10 19:45:00,55.23,55.23,55.09,55.1,2122.0,47.9245
2021-03-10 19:30:00,55.17,55.3,55.12,55.12,4355.0,47.7075
2021-03-10 19:15:00,55.15,55.16,55.11,55.11,3805.0,47.636
2021-03-10 19:00:00,55.15,55.15,55.15,55.15,1000.0,47.636
2021-03-10 18:45:00,55.49,55.49,55.48,55.49,805.0,48.7315
2021-03-10 18:30:00,55.5,55.5,55.4,55.4,701.0,48.7639
2021-03-10 18:15:00,55.4,55.49,55.38,55.49,2102.0,48.4264
2021-03-10 18:00:00,55.39,55.5,55.39,55.5,1867.0,48.393
2021-03-10 17:45:00,55.23,55.32,55.23,55.25,1880.0,47.8612
2021-03-10 17:30:00,55.3,55.32,55.3,55.32,2300.0,48.0743
2021-03-10 17:15:00,55.15,55.15,55.15,55.15,1329.0,47.5826
2021-03-10 17:00:00,55.25,55.25,55.25,55.25,1666.0,47.8798
2021-03-10 16:45:00,55.15,55.3,55.15,55.3,1709.0,47.5577
2021-03-10 16:30:00,55.3,55.3,55.1,55.25,5956.0,47.9953
2021-03-10 16:15:00,55.07,55.3,55.07,55.3,25778.0,47.2637
2021-03-10 16:00:00,55.4,55.525,55.01,55.09,1257944.0,48.2207
2021-03-10 15:45:00,55.22,55.51,55.13,55.42,614724.0,47.6522
2021-03-10 15:30:00,55.415,55.5796,55.16,55.22,507152.0,48.2162
2021-03-10 15:15:00,55.88,56.2,55.38,55.42,451886.0,49.5925
2021-03-10 15:00:00,55.6101,56.08,55.5,55.86,528279.0,48.7577
2021-03-10 14:45:00,55.425,55.64,55.26,55.62,400129.0,48.1789
2021-03-10 14:30:00,55.445,55.5,55.02,55.425,496382.0,48.2367
2021-03-10 14:15:00,55.51,55.73,55.05,55.43,707991.0,48.4227
2021-03-10 14:00:00,55.54,55.85,55.3,55.54,470089.0,48.5076
2021-03-10 13:45:00,56.14,56.17,55.45,55.5463,620191.0,50.2392
2021-03-10 13:30:00,55.9,56.11,55.8,56.11,449565.0,49.5305
2021-03-10 13:15:00,55.87,56.16,55.45,55.8814,771962.0,49.442
2021-03-10 13:00:00,55.38,56.01,55.36,55.86,597339.0,47.9769
2021-03-10 12:45:00,55.62,55.88,55.05,55.375,1010775.0,48.656
2021-03-10 12:30:00,56.29,56.41,55.58,55.62,499069.0,50.6231
2021-03-10 12:15:00,56.45,56.5,56.02,56.29,295089.0,51.1083
2021-03-10 12:00:00,55.87,56.6,55.87,56.44,302057.0,49.3788
2021-03-10 11:45:00,56.635,56.82,55.78,55.86,436905.0,51.7532
2021-03-10 11:30:00,56.56,56.6877,56.04,56.63,469839.0,51.5285
2021-03-10 11:15:00,56.54,56.84,56.25,56.54,428228.0,51.4693
2021-03-10 11:00:00,56.2815,56.69,55.7,56.52,660426.0,50.7031
2021-03-10 10:45:00,56.015,56.84,55.72,56.25,1106315.0,49.9014
2021-03-10 10:30:00,56.915,57.38,55.85,55.985,1028409.0,52.7504
2021-03-10 10:15:00,56.695,57.69,56.3,56.9299,1247058.0,52.0929
2021-03-10 10:00:00,57.22,57.62,56.52,56.71,1353932.0,53.8512
2021-03-10 09:45:00,57.41,58.43,56.81,57.2259,1658877.0,54.5059
2021-03-10 09:30:00,57.98,58.0,57.46,57.46,26438.0,56.5335
2021-03-10 09:15:00,57.44,58.0,57.44,57.97,22439.0,54.9731
2021-03-10 09:00:00,56.89,57.6,56.86,57.5,31197.0,53.2939
2021-03-10 08:45:00,56.56,56.99,56.56,56.9,14451.0,52.243
2021-03-10 08:30:00,56.58,56.6,56.38,56.4001,5592.0,52.3132
2021-03-10 08:15:00,56.5336,56.8293,56.5,56.5801,30955.0,52.1667
2021-03-10 08:00:00,56.58,56.65,56.58,56.65,600.0,52.3248
2021-03-10 07:45:00,56.74,56.74,56.74,56.74,107.0,52.868
2021-03-10 07:30:00,56.51,56.51,56.51,56.51,375.0,52.166
2021-03-10 07:15:00,56.65,56.75,56.65,56.65,2934.0,52.6352
2021-03-10 06:45:00,56.31,56.39,56.31,56.39,1349.0,51.5955
2021-03-10 06:30:00,56.68,56.68,56.44,56.44,810.0,52.8367
2021-03-09 20:00:00,56.31,56.55,56.31,56.31,1285.0,51.694
2021-03-09 19:45:00,56.28,56.36,56.28,56.28,1605.0,51.6005
2021-03-09 19:30:00,56.45,56.45,56.26,56.3,2076.0,52.1631
2021-03-09 19:15:00,56.6,56.6,56.45,56.45,359.0,52.6612
2021-03-09 19:00:00,56.52,56.52,56.45,56.45,3509.0,52.4229
2021-03-09 18:45:00,56.57,56.75,56.51,56.51,6926.0,52.5856
2021-03-09 18:15:00,56.5,56.5,56.5,56.5,363.0,52.3822
2021-03-09 18:00:00,56.57,56.58,56.5,56.5,3505.0,52.6041
2021-03-09 17:45:00,56.5,56.58,56.5,56.57,3225.0,52.4058
2021-03-09 17:30:00,56.48,56.59,56.48,56.59,2573.0,52.3498
2021-03-09 17:15:00,56.3,56.5,56.3,56.48,2547.0,51.8483
2021-03-09 17:00:00,56.4,56.4,56.3,56.39,4217.0,52.1482
2021-03-09 16:45:00,56.2,56.4,56.2,56.35,6183.0,51.5977
2021-03-09 16:30:00,56.1,56.25,56.02,56.05,7987.0,51.3224
2021-03-09 16:15:00,56.3,56.3,56.0,56.0,125544.0,51.903
2021-03-09 16:00:00,56.39,56.54,56.0801,56.36,1800145.0,52.1641
2021-03-09 15:45:00,56.62,56.875,56.28,56.39,913417.0,52.8321
2021-03-09 15:30:00,56.76,56.8163,56.5436,56.62,861713.0,53.2401
2021-03-09 15:15:00,56.1993,56.77,56.175,56.76,608404.0,51.7732
2021-03-09 15:00:00,56.42,56.47,56.0501,56.2,443799.0,52.4096
2021-03-09 14:45:00,55.83,56.44,55.83,56.4001,403200.0,50.8205
2021-03-09 14:30:00,56.121,56.125,55.81,55.8363,516163.0,51.6571
2021-03-09 14:15:00,56.32,56.3899,56.06,56.14,454778.0,52.2353
2021-03-09 14:00:00,55.85,56.3784,55.63,56.325,542290.0,50.9605
2021-03-09 13:45:00,55.76,55.94,55.64,55.8476,441493.0,50.7128
2021-03-09 13:30:00,56.04,56.15,55.73,55.75,382088.0,51.5087
2021-03-09 13:15:00,55.47,56.18,55.47,56.04,504183.0,49.9359
2021-03-09 13:00:00,55.81,55.83,55.26,55.47,499553.0,50.9043
2021-03-09 12:45:00,55.8,55.94,55.63,55.79,344753.0,50.8768
2021-03-09 12:30:00,55.9373,56.18,55.75,55.8,472811.0,51.2652
2021-03-09 12:15:00,55.95,56.04,55.72,55.91,395314.0,51.3008
2021-03-09 12:00:00,56.33,56.39,55.84,55.93,511474.0,52.3717
2021-03-09 11:45:00,56.13,56.55,56.13,56.345,502468.0,51.8515
2021-03-09 11:30:00,55.7887,56.27,55.64,56.1,503572.0,50.9527
2021-03-09 11:15:00,55.88,56.14,55.56,55.8,608049.0,51.2041
2021-03-09 11:00:00,56.5,56.58,55.56,55.8732,1073230.0,52.9489
2021-03-09 10:45:00,56.94,57.0,56.34,56.47,873180.0,54.2387
2021-03-09 10:30:00,56.55,57.29,56.55,56.92,1575374.0,53.2461
2021-03-09 10:15:00,55.94,56.67,55.52,56.53,1374146.0,51.6324
2021-03-09 10:00:00,55.0463,56.2,54.83,55.92,1225257.0,49.1016
2021-03-09 09:45:00,55.41,55.75,54.51,55.04,2173953.0,50.1517
2021-03-09 09:30:00,55.09,55.45,54.9301,55.45,19653.0,49.212
2021-03-09 09:15:00,55.03,55.13,54.9,55.08,20307.0,49.0348
2021-03-09 09:00:00,54.9899,55.25,54.97,55.13,15335.0,48.9177
2021-03-09 08:45:00,54.94,54.97,54.92,54.97,7325.0,48.7737
2021-03-09 08:30:00,54.99,54.99,54.87,54.99,9221.0,48.9095
2021-03-09 08:15:00,54.85,55.17,54.4,54.95,41929.0,48.5147
2021-03-09 08:00:00,54.87,55.0,54.8,54.99,3776.0,48.5674
2021-03-09 07:45:00,54.95,55.17,54.81,54.81,9673.0,48.7759
2021-03-09 07:30:00,55.15,55.16,54.63,55.0,11706.0,49.2963
2021-03-09 07:15:00,54.5,55.0,54.4,55.0,13801.0,47.5066
2021-03-09 06:45:00,54.3,54.3,54.09,54.25,1137.0,46.9399
2021-03-09 06:30:00,54.6,54.67,54.59,54.59,2118.0,47.6994
2021-03-09 06:15:00,54.5,54.5,54.5,54.5,1006.0,47.4206
2021-03-09 06:00:00,54.52,54.52,54.52,54.52,395.0,47.4704
2021-03-09 05:30:00,54.7,54.7,54.7,54.7,536.0,47.9155
2021-03-09 05:15:00,54.89,54.89,54.89,54.89,200.0,48.3864
2021-03-09 05:00:00,55.0,55.0,55.0,55.0,201.0,48.6586
2021-03-09 04:45:00,54.54,54.93,54.54,54.93,2445.0,47.4426
2021-03-09 04:30:00,54.5,54.54,54.5,54.5,5035.0,47.3359
2021-03-09 04:15:00,53.54,55.0,53.54,54.2,5800.0,44.6868
2021-03-08 20:00:00,53.23,53.36,53.22,53.22,4546.0,43.7889
2021-03-08 19:45:00,53.25,53.4,53.25,53.25,8279.0,43.834
2021-03-08 19:30:00,53.32,53.5,53.32,53.37,9521.0,43.9901
2021-03-08 19:15:00,53.25,53.32,53.23,53.32,1305.0,43.7933
2021-03-08 19:00:00,53.16,53.24,53.15,53.24,3676.0,43.5425
2021-03-08 18:45:00,53.1,53.2,53.1,53.2,2320.0,43.3769
2021-03-08 18:30:00,52.99,53.1,52.99,53.1,5867.0,43.0759
2021-03-08 18:15:00,52.9,53.0,52.9,53.0,979.0,42.8313
2021-03-08 18:00:00,53.03,53.03,53.0,53.0,122983.0,43.0943
2021-03-08 17:45:00,53.1,53.1,53.0,53.0,2776.0,43.2348
2021-03-08 17:30:00,53.0,53.15,53.0,53.13,938.0,42.9736
2021-03-08 17:15:00,53.09,53.09,52.95,52.95,3267.0,43.1493
2021-03-08 17:00:00,52.85,53.09,52.85,53.09,1473.0,42.5331
2021-03-08 16:45:00,53.0,53.1,52.85,52.86,3601.0,42.8183
2021-03-08 16:30:00,52.95,53.16,52.87,53.01,18371.0,42.6923
2021-03-08 16:15:00,53.654,53.654,52.61,52.9,71730.0,44.0356
2021-03-08 16:00:00,53.225,53.26,52.82,52.85,1753632.0,42.9602
2021-03-08 15:45:00,52.48,53.26,52.39,53.24,1516619.0,41.0249
2021-03-08 15:30:00,52.5499,52.63,52.17,52.485,611947.0,41.1537
2021-03-08 15:15:00,53.33,53.33,52.1043,52.5401,1105680.0,42.6225
2021-03-08 15:00:00,53.38,53.68,53.3,53.34,636425.0,42.7186
2021-03-08 14:45:00,52.88,53.716,52.87,53.39,995672.0,41.42
2021-03-08 14:30:00,53.11,53.36,52.64,52.88,1526605.0,41.8491
2021-03-08 14:15:00,52.49,53.23,52.34,53.125,1131797.0,40.2069
2021-03-08 14:00:00,52.045,52.52,52.02,52.5037,863734.0,38.9909
2021-03-08 13:45:00,52.945,52.945,52.0,52.045,1112995.0,40.6344
2021-03-08 13:30:00,53.4901,53.63,52.88,52.935,939766.0,41.6807
2021-03-08 13:15:00,53.52,53.8,53.3075,53.505,959577.0,41.7387
2021-03-08 13:00:00,54.11,54.47,53.51,53.53,639800.0,42.8964
2021-03-08 12:45:00,54.37,54.3763,53.9,54.13,715357.0,43.4182
2021-03-08 12:30:00,54.59,54.73,54.25,54.3699,780576.0,43.8622
2021-03-08 12:15:00,54.75,55.06,54.28,54.59,656934.0,44.1853
2021-03-08 12:00:00,54.6498,55.11,54.5801,54.75,666950.0,43.9309
2021-03-08 11:45:00,55.77,55.77,54.57,54.65,898215.0,46.2479
2021-03-08 11:30:00,55.4875,55.94,55.41,55.76,411813.0,45.5355
2021-03-08 11:15:00,55.545,55.83,55.27,55.48,514485.0,45.6566
2021-03-08 11:00:00,56.23,56.6262,55.1,55.57,1016357.0,47.1248
2021-03-08 10:45:00,55.85,56.89,55.84,56.2141,1107468.0,46.1807
2021-03-08 10:30:00,55.81,56.67,55.4,55.8101,1127636.0,46.0811
2021-03-08 10:15:00,56.2,56.99,55.19,55.76,928146.0,46.9139
2021-03-08 10:00:00,56.7184,57.23,55.5,56.25,1465321.0,48.0488
2021-03-08 09:45:00,57.8,58.57,55.61,56.7,1950524.0,50.5583
2021-03-08 09:30:00,57.6,57.75,57.5,57.6,20529.0,50.0843
2021-03-08 09:15:00,57.51,57.8,57.45,57.75,12306.0,49.8716
2021-03-08 09:00:00,57.18,57.4,57.0,57.4,7082.0,49.0895
2021-03-08 08:45:00,57.2,57.6,57.0,57.0,17669.0,49.1352
2021-03-08 08:30:00,56.91,57.05,56.85,57.05,22380.0,48.4512
2021-03-08 08:15:00,56.5201,57.0,56.5,56.91,17358.0,47.5181
2021-03-08 08:00:00,56.91,56.96,56.89,56.96,718.0,48.3792
2021-03-08 07:45:00,57.1,57.1,57.0,57.0,1730.0,48.803
2021-03-08 07:30:00,56.86,57.01,56.81,57.01,1364.0,48.2398
2021-03-08 07:15:00,56.7,57.0,56.5,57.0,9815.0,47.8639
2021-03-08 06:30:00,56.85,56.85,56.51,56.51,762.0,48.1865
2021-03-08 06:15:00,56.84,56.84,56.84,56.84,624.0,48.1636
2021-03-08 05:45:00,56.25,56.25,56.25,56.25,304.0,46.799
2021-03-08 05:15:00,55.3,56.26,55.3,56.25,2874.0,44.485
2021-03-08 04:45:00,55.17,55.43,55.17,55.43,1088.0,44.1582
2021-03-08 04:30:00,56.07,56.07,55.43,55.43,640.0,46.0019
2021-03-08 04:15:00,56.85,56.85,55.8,55.8,752.0,47.6991
2021-03-05 20:00:00,57.9,57.9999,57.6,57.6,18324.0,50.1482
2021-03-05 19:45:00,57.79,58.01,57.79,57.91,13463.0,49.8832
2021-03-05 19:30:00,57.7501,58.0,57.75,57.75,1024.0,49.7879
2021-03-05 19:15:00,57.45,57.8,57.45,57.8,4424.0,49.0722
2021-03-05 19:00:00,57.57,57.57,57.45,57.45,727.0,49.3488
2021-03-05 18:45:00,57.7499,57.7499,57.43,57.43,2808.0,49.7623
2021-03-05 18:30:00,57.75,57.75,57.75,57.75,800.0,49.7625
2021-03-05 18:15:00,57.71,57.71,57.5,57.5001,819.0,49.6718
2021-03-05 18:00:00,57.62,58.0,57.61,58.0,44784.0,49.4701
2021-03-05 17:45:00,57.66,57.66,57.6001,57.61,1374.0,49.5569
2021-03-05 17:30:00,57.55,57.59,57.55,57.59,2553.0,49.3163
2021-03-05 17:15:00,57.5,57.51,57.4301,57.51,63805.0,49.2081
2021-03-05 17:00:00,57.37,57.41,57.36,57.41,2260.0,48.9292
2021-03-05 16:45:00,57.4,57.4,57.3,57.4,3832.0,48.9902
2021-03-05 16:30:00,57.4601,57.47,57.4,57.4,27442.0,49.1109
2021-03-05 16:15:00,57.43,57.65,57.4,57.5,22200.0,49.0491
2021-03-05 16:00:00,57.385,57.88,57.14,57.46,2168352.0,48.9579
2021-03-05 15:45:00,56.91,57.45,56.84,57.38,976769.0,47.9921
2021-03-05 15:30:00,56.96,57.29,56.9197,56.92,777687.0,48.0863
2021-03-05 15:15:00,56.685,56.99,56.65,56.9494,683853.0,47.5294
2021-03-05 15:00:00,55.97,56.76,55.0836,56.66,864998.0,46.0497
2021-03-05 14:45:00,56.05,56.47,55.81,55.98,514138.0,46.193
2021-03-05 14:30:00,55.85,56.1,55.4,56.08,507360.0,45.7782
2021-03-05 14:15:00,55.89,56.0,55.54,55.825,698668.0,45.8477
2021-03-05 14:00:00,56.035,56.32,55.5537,55.865,621892.0,46.0972
2021-03-05 13:45:00,55.92,56.51,55.7,56.035,651662.0,45.8674
2021-03-05 13:30:00,54.85,55.93,54.8,55.92,726774.0,43.6705
2021-03-05 13:15:00,54.42,54.8731,54.015,54.8731,576951.0,42.7524
2021-03-05 13:00:00,55.17,55.21,54.1,54.4,686607.0,43.9819
2021-03-05 12:45:00,54.86,55.24,54.4001,55.19,737991.0,43.3194
2021-03-05 12:30:00,54.05,55.19,53.97,54.85,827275.0,41.543
2021-03-05 12:15:00,53.76,54.29,53.63,54.06,812633.0,40.8908
2021-03-05 12:00:00,53.345,53.97,53.05,53.7859,804886.0,39.948
2021-03-05 11:45:00,51.58,53.36,51.5408,53.36,1010519.0,35.6559
2021-03-05 11:30:00,51.645,52.47,51.32,51.52,1162157.0,35.7484
2021-03-05 11:15:00,53.34,53.45,51.54,51.62,1809718.0,38.2967
2021-03-05 11:00:00,52.5,53.7315,52.28,53.31,1562930.0,36.0761
2021-03-05 10:45:00,53.67,53.87,52.23,52.465,2561605.0,37.9466
2021-03-05 10:30:00,54.38,54.81,53.63,53.63,1569682.0,39.1581
2021-03-05 10:15:00,55.23,55.57,54.2,54.3425,1474830.0,40.6873
2021-03-05 10:00:00,56.78,56.8099,54.02,55.23,1506980.0,43.7509
2021-03-05 09:45:00,57.9,57.95,55.93,56.755,1592828.0,46.224
2021-03-05 09:30:00,58.38,58.5,57.5,57.6,187024.0,47.352
2021-03-05 09:15:00,57.5,58.4,57.5,58.4,100146.0,44.9293
2021-03-05 09:00:00,57.1001,57.8999,57.1001,57.8999,10460.0,43.7731
2021-03-05 08:45:00,57.67,57.67,57.0381,57.3,8110.0,45.1
2021-03-05 08:30:00,57.9,57.9,57.5,57.7,5440.0,45.6491
2021-03-05 08:15:00,57.0217,58.0,57.01,57.75,25994.0,43.0449
2021-03-05 08:00:00,57.35,57.8,57.35,57.76,5460.0,43.8166
2021-03-05 07:45:00,57.3,57.35,57.3,57.35,710.0,43.6654
2021-03-05 07:15:00,57.23,57.23,57.01,57.05,3800.0,43.4558
2021-03-05 06:00:00,56.87,56.87,56.87,56.87,500.0,42.3717
2021-03-05 04:45:00,57.0,57.01,56.33,57.01,2095.0,42.6622
2021-03-05 04:15:00,57.06,57.06,57.06,57.06,400.0,42.7953
2021-03-04 20:00:00,56.26,56.26,56.08,56.2,7382.0,40.3549
2021-03-04 19:45:00,56.25,56.36,56.19,56.36,4052.0,40.3236
2021-03-04 19:30:00,56.16,56.2,56.08,56.1,3212.0,40.0452
2021-03-04 19:15:00,57.24,57.24,56.06,56.06,3633.0,42.3779
2021-03-04 19:00:00,57.45,57.45,57.1,57.11,391.0,42.8552
2021-03-04 18:45:00,57.23,57.45,57.02,57.45,1932.0,42.1844
2021-03-04 18:30:00,57.3001,57.31,57.3,57.3,2582.0,42.3401
2021-03-04 18:15:00,57.35,57.4,57.17,57.3,2692.0,42.4498
2021-03-04 18:00:00,57.45,57.49,57.35,57.35,3043.0,42.6677
2021-03-04 17:45:00,57.39,57.42,57.31,57.38,5010.0,42.4936
2021-03-04 17:30:00,57.38,57.38,57.38,57.38,268.0,42.4649
2021-03-04 17:15:00,57.55,57.55,57.55,57.55,380.0,42.8214
2021-03-04 17:00:00,57.81,57.84,57.61,57.61,3597.0,43.3689
2021-03-04 16:45:00,57.8,57.95,57.8,57.87,7740.0,43.3415
2021-03-04 16:30:00,57.72,57.8,57.7,57.8,8562.0,43.125
2021-03-04 16:15:00,57.71,57.78,57.55,57.6642,938029.0,43.0983
2021-03-04 16:00:00,57.745,57.96,57.46,57.74,1382263.0,43.1681
2021-03-04 15:45:00,57.725,57.98,57.24,57.745,660313.0,43.1163
2021-03-04 15:30:00,57.73,57.9,57.24,57.73,704829.0,43.126
2021-03-04 15:15:00,57.94,58.29,57.53,57.73,911576.0,43.5286
2021-03-04 15:00:00,57.5,58.06,57.37,57.94,613967.0,42.4211
2021-03-04 14:45:00,57.479,57.65,57.13,57.5299,620337.0,42.368
2021-03-04 14:30:00,56.54,57.67,56.22,57.485,723097.0,39.9348
2021-03-04 14:15:00,55.94,56.72,55.93,56.57,983859.0,38.298
2021-03-04 14:00:00,57.07,57.12,55.94,55.94,1023532.0,40.3335
2021-03-04 13:45:00,57.58,57.62,56.9,57.09,548713.0,41.3079
2021-03-04 13:30:00,56.81,57.63,56.67,57.565,872991.0,39.1245
2021-03-04 13:15:00,57.355,57.64,56.72,56.802,1001506.0,40.1644
2021-03-04 13:00:00,58.36,58.39,57.215,57.369,817432.0,42.1982
2021-03-04 12:45:00,58.95,59.07,58.2729,58.37,647741.0,43.4688
2021-03-04 12:30:00,59.28,59.82,58.6127,58.975,580109.0,44.2008
2021-03-04 12:15:00,59.87,60.3,59.2004,59.31,416950.0,45.5494
2021-03-04 12:00:00,60.025,60.48,59.7,59.88,446999.0,45.9113
2021-03-04 11:45:00,59.65,60.2,59.53,60.03,483592.0,44.8693
2021-03-04 11:30:00,59.375,59.93,59.37,59.648,384320.0,44.0927
2021-03-04 11:15:00,60.03,60.49,59.37,59.42,901945.0,45.5971
2021-03-04 11:00:00,59.21,60.25,59.1,60.0,1087449.0,43.2119
2021-03-04 10:45:00,58.56,59.45,58.33,59.215,1140533.0,41.2025
2021-03-04 10:30:00,57.365,58.67,57.21,58.58,1271171.0,37.1843
2021-03-04 10:15:00,58.68,58.84,56.89,57.35,1607283.0,40.1536
2021-03-04 10:00:00,60.45,60.52,58.551,58.77,1681321.0,44.8991
2021-03-04 09:45:00,60.01,61.08,59.31,60.4961,1752986.0,43.2599
2021-03-04 09:30:00,60.0099,60.4855,59.85,60.4855,14649.0,43.2595
2021-03-04 09:15:00,60.06,60.25,59.85,60.25,15083.0,43.4017
2021-03-04 09:00:00,60.31,60.31,60.0,60.08,30401.0,44.113
2021-03-04 08:45:00,60.0,60.38,60.0,60.3,26304.0,42.9734
2021-03-04 08:30:00,59.7,60.15,59.5,60.15,15820.0,41.8449
2021-03-04 08:15:00,59.21,59.8999,58.84,59.6,29133.0,39.936
2021-03-04 08:00:00,59.64,59.64,59.6,59.64,2521.0,41.1002
2021-03-04 07:45:00,59.67,59.8,59.6,59.6,3046.0,41.1825
2021-03-04 07:30:00,59.43,59.83,59.35,59.7,7241.0,40.2405
2021-03-04 07:15:00,58.91,59.85,58.91,59.01,7757.0,38.1291
2021-03-04 07:00:00,58.98,58.99,58.98,58.99,500.0,38.3083
2021-03-04 06:45:00,58.72,58.72,58.72,58.72,200.0,37.2311
2021-03-04 06:30:00,58.72,58.72,58.72,58.72,539.0,37.2311
2021-03-04 06:00:00,58.99,58.99,58.99,58.99,200.0,37.8955
2021-03-04 05:45:00,59.31,59.31,59.2,59.2,838.0,38.7004
2021-03-04 05:00:00,59.5,59.5,59.5,59.5,301.0,39.1864
2021-03-04 04:45:00,59.45,59.45,59.45,59.45,227.0,38.9881
2021-03-04 04:30:00,59.87,60.15,59.87,60.15,938.0,40.067
2021-03-04 04:15:00,60.08,60.08,59.87,59.87,618.0,40.6197
2021-03-03 20:00:00,59.16,59.45,59.01,59.45,10494.0,36.8683
2021-03-03 19:45:00,59.11,59.45,59.01,59.1,9980.0,36.6545
2021-03-03 19:30:00,59.05,59.78,59.04,59.55,5957.0,36.4002
2021-03-03 19:15:00,59.1,59.2,59.06,59.08,2765.0,36.5204
2021-03-03 19:00:00,59.03,59.3,59.03,59.25,3615.0,36.2307
2021-03-03 18:45:00,59.7001,59.8,58.7,58.92,7755.0,37.8568
2021-03-03 18:30:00,60.05,60.05,59.8,59.8,6063.0,38.7499
2021-03-03 18:15:00,60.0,60.1,60.0,60.1,5745.0,38.5462
2021-03-03 18:00:00,60.0,60.1,60.0,60.0,8228.0,38.5462
2021-03-03 17:45:00,60.09,60.09,60.0,60.09,1906.0,38.7706
2021-03-03 17:30:00,59.97,60.1,59.97,60.0,11429.0,38.2996
2021-03-03 17:15:00,59.99,60.0,59.9,59.93,3385.0,38.3479
2021-03-03 17:00:00,59.9,60.02,59.8501,59.9,55361.0,38.0016
2021-03-03 16:45:00,60.09,60.1,59.88,59.88,8276.0,38.45
2021-03-03 16:30:00,60.02,60.02,59.65,59.99,16444.0,38.1858
2021-03-03 16:15:00,60.02,60.9857,59.73,60.9857,291242.0,38.1858
2021-03-03 16:00:00,59.665,60.02,59.65,60.02,2068827.0,36.8567
2021-03-03 15:45:00,59.955,60.07,59.47,59.6682,1051008.0,37.5044
2021-03-03 15:30:00,60.42,60.51,59.8,59.96,816733.0,38.5734
2021-03-03 15:15:00,60.94,60.95,60.39,60.43,965987.0,39.8214
2021-03-03 15:00:00,60.2552,61.18,59.7,60.9411,1717218.0,37.1897
2021-03-03 14:45:00,59.385,60.6,59.05,60.28,1535272.0,33.559
2021-03-03 14:30:00,59.69,59.715,59.27,59.38,654715.0,34.2412
2021-03-03 14:15:00,59.7191,59.795,58.9296,59.69,947013.0,34.3066
2021-03-03 14:00:00,59.86,60.05,59.53,59.72,772565.0,34.6216
2021-03-03 13:45:00,60.3777,60.38,59.82,59.85,808808.0,35.8094
2021-03-03 13:30:00,60.55,60.82,60.33,60.37,743684.0,36.216
2021-03-03 13:15:00,61.02,61.04,60.5,60.56,823639.0,37.3539
2021-03-03 13:00:00,61.06,61.34,61.015,61.04,568729.0,37.4523
2021-03-03 12:45:00,61.465,61.58,61.04,61.07,615132.0,38.4618
2021-03-03 12:30:00,62.12,62.12,61.27,61.48,650514.0,40.1844
2021-03-03 12:15:00,62.15,62.25,61.96,62.145,324803.0,40.2656
2021-03-03 12:00:00,62.58,62.62,62.19,62.19,341049.0,41.4463
2021-03-03 11:45:00,63.11,63.19,62.52,62.5707,336280.0,42.9735
2021-03-03 11:30:00,62.81,63.17,62.54,63.11,421738.0,41.7794
2021-03-03 11:15:00,62.6,62.91,62.5,62.8025,474493.0,40.928
2021-03-03 11:00:00,62.04,62.65,61.9,62.63,511041.0,38.5724
2021-03-03 10:45:00,62.21,62.56,61.81,62.0592,799011.0,39.0371
2021-03-03 10:30:00,62.23,62.69,61.86,62.21,985906.0,39.0915
2021-03-03 10:15:00,63.06,63.47,62.17,62.23,805108.0,41.4524
2021-03-03 10:00:00,63.14,64.1,62.87,63.095,813219.0,41.691
2021-03-03 09:45:00,64.52,64.7,62.92,63.155,1030434.0,46.2029
2021-03-03 09:30:00,64.26,64.3,64.1152,64.16,7309.0,45.1022
2021-03-03 09:15:00,64.39,64.5,64.19,64.45,5827.0,45.5605
2021-03-03 09:00:00,64.26,64.6336,63.86,64.1901,16080.0,45.011
2021-03-03 08:45:00,64.8499,64.8499,64.29,64.42,8912.0,47.1337
2021-03-03 08:30:00,64.75,64.85,64.7,64.8499,5815.0,46.7153
2021-03-03 08:15:00,65.32,65.45,64.67,64.85,35245.0,48.8864
2021-03-03 08:00:00,65.18,65.19,65.03,65.03,5293.0,48.3061
2021-03-03 07:45:00,65.35,65.35,65.18,65.18,14015.0,48.9699
2021-03-03 07:30:00,65.35,65.35,65.35,65.35,3661.0,48.9699
2021-03-03 07:15:00,65.1,65.1,65.03,65.03,990.0,47.9529
2021-03-03 07:00:00,65.12,65.12,65.12,65.12,409.0,48.0282
2021-03-03 06:45:00,65.17,65.17,65.15,65.15,507.0,48.2144
2021-03-03 05:45:00,65.0,65.3,65.0,65.3,1178.0,47.5346
2021-03-03 04:15:00,65.05,65.05,65.05,65.05,600.0,47.7158
2021-03-02 20:00:00,64.57,64.8,64.57,64.8,4763.0,45.7648
2021-03-02 19:45:00,64.6,64.6,64.59,64.59,1015.0,45.87
2021-03-02 19:30:00,64.5101,64.57,64.33,64.57,5029.0,45.5008
2021-03-02 19:15:00,64.5,64.5,64.5,64.5,243.0,45.4597
2021-03-02 19:00:00,64.6,64.6,64.6,64.6,720.0,45.7959
2021-03-02 18:45:00,64.55,64.6,64.5,64.6,5820.0,45.5981
2021-03-02 18:30:00,64.5,64.55,64.48,64.55,10590.0,45.4022
2021-03-02 18:15:00,64.5,64.5,64.5,64.5,121.0,45.4022
2021-03-02 18:00:00,64.35,64.4,64.31,64.4,2003.0,44.8258
2021-03-02 17:45:00,64.35,64.35,64.35,64.35,601.0,44.8258
2021-03-02 17:30:00,64.28,64.28,64.27,64.27,945.0,44.5618
2021-03-02 17:15:00,64.5,64.51,64.26,64.3,187257.0,45.2308
2021-03-02 17:00:00,64.5,64.5499,64.27,64.5,8224.0,45.2308
2021-03-02 16:45:00,64.5,64.55,64.5,64.55,656.0,45.2308
2021-03-02 16:30:00,64.44,64.52,64.2001,64.52,5270.0,45.0167
2021-03-02 16:15:00,64.51,64.51,64.16,64.51,999994.0,45.2195
2021-03-02 16:00:00,64.57,64.68,64.2,64.45,1631290.0,45.3918
2021-03-02 15:45:00,64.64,64.99,64.3862,64.5601,712386.0,45.5912
2021-03-02 15:30:00,65.35,65.36,64.6202,64.64,761754.0,47.6794
2021-03-02 15:15:00,65.46,65.64,65.3,65.35,408874.0,48.0144
2021-03-02 15:00:00,65.26,65.72,65.24,65.48,450021.0,47.353
2021-03-02 14:45:00,65.34,65.43,65.18,65.275,363869.0,47.5911
2021-03-02 14:30:00,65.4,65.65,65.03,65.33,632745.0,47.7683
2021-03-02 14:15:00,65.66,66.02,65.4001,65.4001,495476.0,48.5384
2021-03-02 14:00:00,65.8,65.83,65.5,65.65,478056.0,48.9563
2021-03-02 13:45:00,65.94,66.06,65.696,65.8,377048.0,49.3742
2021-03-02 13:30:00,66.3,66.315,65.78,65.94,392371.0,50.4637
2021-03-02 13:15:00,65.97,66.33,65.96,66.3,240216.0,49.4584
2021-03-02 13:00:00,65.94,66.15,65.87,65.96,275988.0,49.3666
2021-03-02 12:45:00,65.75,66.1,65.61,65.98,443946.0,48.787
2021-03-02 12:30:00,65.6537,65.8617,65.5487,65.74,379301.0,48.4931
2021-03-02 12:15:00,65.96,66.06,65.63,65.66,405727.0,49.3793
2021-03-02 12:00:00,66.07,66.27,65.81,65.98,284700.0,49.7001
2021-03-02 11:45:00,66.59,66.59,65.8,66.08,398455.0,51.2475
2021-03-02 11:30:00,66.79,66.79,65.9,66.56,608175.0,51.8581
2021-03-02 11:15:00,67.01,67.02,66.22,66.82,517699.0,52.5352
2021-03-02 11:00:00,66.47,67.1275,66.32,67.0213,482574.0,50.9907
2021-03-02 10:45:00,67.13,67.3,66.24,66.48,904608.0,53.066
2021-03-02 10:30:00,67.24,67.82,67.11,67.14,793423.0,53.4224
2021-03-02 10:15:00,67.445,67.7119,66.9724,67.27,765368.0,54.088
2021-03-02 10:00:00,68.03,68.21,66.92,67.45,1190768.0,56.0475
2021-03-02 09:45:00,67.0,68.88,66.43,68.0,1875764.0,53.1061
2021-03-02 09:30:00,66.65,67.09,66.63,67.09,26627.0,52.0336
2021-03-02 09:15:00,66.4954,66.65,66.4954,66.62,7773.0,51.5522
2021-03-02 09:00:00,66.65,66.65,66.2235,66.49,1729.0,52.066
2021-03-02 08:45:00,66.5499,66.5499,66.21,66.45,1524.0,51.7599
2021-03-02 08:30:00,66.12,66.6346,66.11,66.49,4479.0,50.423
2021-03-02 08:15:00,66.2,66.56,66.14,66.5,4585.0,50.68
2021-03-02 08:00:00,66.6,66.6,66.5,66.5,2846.0,51.9827
2021-03-02 07:30:00,66.54,66.74,66.54,66.66,3190.0,51.8
2021-03-02 07:15:00,66.2,66.4,66.2,66.4,1599.0,50.7556
2021-03-02 06:45:00,66.11,66.15,66.11,66.15,730.0,50.4763
2021-03-02 06:00:00,66.0,66.0,65.99,65.99,783.0,50.1364
2021-03-02 05:30:00,65.8,65.81,65.79,65.81,1329.0,49.5169
2021-03-02 05:15:00,65.81,65.81,65.81,65.81,1068.0,49.5472
2021-03-02 05:00:00,65.6,65.6,65.6,65.6,150.0,48.9022
2021-03-02 04:45:00,65.59,65.59,65.59,65.59,1090.0,48.8716
2021-03-01 20:00:00,66.3,66.35,66.11,66.11,2748.0,51.0043
2021-03-01 19:45:00,66.22,66.37,66.22,66.23,970.0,50.7663
2021-03-01 19:30:00,66.2,66.4399,66.2,66.3,2070.0,50.7074
2021-03-01 19:15:00,66.44,66.44,66.18,66.18,1817.0,51.4332
2021-03-01 19:00:00,66.63,66.64,66.35,66.43,6298.0,52.0127
2021-03-01 18:45:00,66.39,66.39,66.37,66.37,3801.0,51.3316
2021-03-01 18:30:00,66.57,66.58,66.33,66.55,4250.0,51.8746
2021-03-01 18:15:00,66.51,66.51,66.51,66.51,150.0,51.7071
2021-03-01 18:00:00,66.5,66.5,66.5,66.5,3337.0,51.6796
2021-03-01 17:45:00,66.43,66.43,66.4,66.4,6523.0,51.4891
2021-03-01 17:30:00,66.43,66.48,66.4,66.4,1152.0,51.4891
2021-03-01 17:15:00,66.52,66.67,66.41,66.64,4428.0,51.7427
2021-03-01 17:00:00,66.7,66.96,66.5,66.96,293085.0,52.2489
2021-03-01 16:45:00,66.69,66.7,66.6,66.67,14097.0,52.2234
2021-03-01 16:30:00,66.6,66.74,66.6,66.67,2295.0,51.9962
2021-03-01 16:15:00,66.65,66.75,66.5,66.6001,37267.0,52.1316
2021-03-01 16:00:00,66.58,67.06,66.37,66.66,2472541.0,51.9594
2021-03-01 15:45:00,66.26,66.705,66.25,66.56,802128.0,51.1696
2021-03-01 15:30:00,66.09,66.32,65.995,66.265,590552.0,50.7465
2021-03-01 15:15:00,65.73,66.11,65.73,66.085,519759.0,49.8417
2021-03-01 15:00:00,65.735,65.87,65.6737,65.715,392399.0,49.8542
2021-03-01 14:45:00,65.785,65.84,65.46,65.72,284739.0,49.9776
2021-03-01 14:30:00,65.98,66.0,65.68,65.785,367144.0,50.4562
2021-03-01 14:15:00,65.83,66.07,65.64,65.9882,423113.0,50.0947
2021-03-01 14:00:00,65.7,65.94,65.52,65.83,300868.0,49.7824
2021-03-01 13:45:00,65.34,65.6969,65.222,65.69,302999.0,48.9117
2021-03-01 13:30:00,65.39,65.4699,65.2037,65.33,429536.0,49.0278
2021-03-01 13:15:00,66.01,66.13,65.34,65.3646,655017.0,50.489
2021-03-01 13:00:00,66.28,66.31,65.92,66.0,339022.0,51.1417
2021-03-01 12:45:00,66.245,66.3999,66.1,66.26,305169.0,51.061
2021-03-01 12:30:00,66.2,66.36,65.93,66.24,448326.0,50.9587
2021-03-01 12:15:00,65.9798,66.34,65.8,66.195,575312.0,50.4602
2021-03-01 12:00:00,66.0598,66.12,65.86,65.97,520425.0,50.6441
2021-03-01 11:45:00,66.03,66.26,65.71,66.05,670647.0,50.5781
2021-03-01 11:30:00,65.98,66.19,65.7,66.01,775213.0,50.4689
2021-03-01 11:15:00,65.045,66.0,64.92,65.98,909813.0,48.3704
2021-03-01 11:00:00,65.295,65.295,64.71,65.02,689817.0,48.9153
2021-03-01 10:45:00,64.68,65.45,64.43,65.31,1130820.0,47.4843
2021-03-01 10:30:00,64.7299,65.06,64.33,64.665,1137192.0,47.5907
2021-03-01 10:15:00,65.01,65.34,64.26,64.71,1137803.0,48.1865
2021-03-01 10:00:00,64.0299,65.14,63.32,64.98,2365757.0,45.8541
2021-03-01 09:45:00,66.93,67.7,63.89,64.01,2811991.0,52.765
2021-03-01 09:30:00,67.19,67.3,66.86,66.86,21845.0,53.4755
2021-03-01 09:15:00,67.05,67.05,66.85,66.93,7973.0,53.1415
2021-03-01 09:00:00,67.0401,67.15,67.0,67.01,11469.0,53.118
2021-03-01 08:45:00,67.11,67.21,66.99,67.0,7850.0,53.3029
2021-03-01 08:30:00,67.1799,67.5,66.76,67.1,13315.0,53.486
2021-03-01 08:15:00,66.4999,67.18,66.1315,67.17,38331.0,51.9059
2021-03-01 08:00:00,66.3,66.79,66.3,66.79,4886.0,51.429
2021-03-01 07:45:00,66.36,66.62,66.31,66.36,9080.0,51.5799
2021-03-01 07:30:00,66.39,66.4,66.35,66.35,1632.0,51.6545
2021-03-01 07:15:00,66.21,66.5,66.21,66.35,7595.0,51.2386
2021-03-01 06:30:00,67.01,67.01,67.01,67.01,291.0,53.24
2021-03-01 06:15:00,67.1,67.1,67.1,67.1,600.0,53.4711
2021-03-01 05:15:00,67.5,67.5,67.4,67.4,1400.0,54.5048
2021-03-01 04:30:00,67.01,67.01,67.01,67.01,587.0,53.42
2021-03-01 04:15:00,67.44,67.44,67.39,67.39,525.0,54.5423
2021-02-26 20:00:00,65.93,65.94,65.83,65.9,8820.0,50.9868
2021-02-26 19:45:00,65.8,65.94,65.8,65.92,5314.0,50.6601
2021-02-26 19:30:00,65.8,65.8,65.76,65.76,910.0,50.6601
2021-02-26 19:15:00,65.8,65.94,65.76,65.76,1775.0,50.6601
2021-02-26 19:00:00,65.9,65.9,65.8,65.81,1353.0,50.9083
2021-02-26 18:45:00,65.75,65.94,65.75,65.9,1739.0,50.551
2021-02-26 18:30:00,65.8,65.88,65.78,65.87,4622.0,50.6719
2021-02-26 18:15:00,65.87,65.87,65.8,65.8,3278.0,50.8393
2021-02-26 18:00:00,65.85,65.87,65.79,65.8,3326.0,50.7936
2021-02-26 17:45:00,65.8499,65.93,65.77,65.85,2822.0,50.7934
2021-02-26 17:30:00,65.76,65.93,65.75,65.77,9502.0,50.5939
2021-02-26 17:15:00,65.83,65.9,65.75,65.9,2911.0,50.7514
2021-02-26 17:00:00,65.91,65.94,65.8,65.83,11286.0,50.9296
2021-02-26 16:45:00,65.76,65.99,65.655,65.91,75125.0,50.6099
2021-02-26 16:30:00,65.87,66.0,65.75,65.77,8906.0,50.8488
2021-02-26 16:15:00,65.66,66.98,65.66,65.76,1012275.0,50.4093
2021-02-26 16:00:00,65.27,65.795,65.27,65.72,2332061.0,49.5861
2021-02-26 15:45:00,65.26,65.35,65.1,65.265,899794.0,49.565
2021-02-26 15:30:00,65.585,65.7,65.2437,65.25,778567.0,50.2373
2021-02-26 15:15:00,65.66,65.89,65.55,65.58,831543.0,50.3924
2021-02-26 15:00:00,65.185,65.7,65.185,65.63,466068.0,49.4198
2021-02-26 14:45:00,65.21,65.59,65.1,65.185,517371.0,49.47
2021-02-26 14:30:00,65.31,65.43,64.91,65.21,437671.0,49.6684
2021-02-26 14:15:00,65.1,65.3834,64.9801,65.33,390771.0,49.2481
2021-02-26 14:00:00,65.42,65.44,64.97,65.095,449756.0,49.8722
2021-02-26 13:45:00,65.43,65.45,65.01,65.36,404509.0,49.8916
2021-02-26 13:30:00,65.5,65.95,65.3,65.4,547412.0,50.0258
2021-02-26 13:15:00,65.32,65.7,65.1,65.48,518726.0,49.6837
2021-02-26 13:00:00,66.2663,66.268,65.16,65.29,1154215.0,51.5064
2021-02-26 12:45:00,65.255,66.32,65.22,66.26,2932318.0,49.5619
2021-02-26 12:30:00,65.86,65.91,65.08,65.24,724811.0,50.7592
2021-02-26 12:15:00,64.97,65.97,64.9,65.8001,1411131.0,48.9761
2021-02-26 12:00:00,65.1,65.63,64.82,64.95,778642.0,49.2321
2021-02-26 11:45:00,65.24,65.8,65.01,65.08,805704.0,49.5062
2021-02-26 11:30:00,65.03,65.36,64.68,65.24,983948.0,49.0881
2021-02-26 11:15:00,64.31,65.2499,64.11,65.03,1074306.0,47.626
2021-02-26 11:00:00,62.81,64.49,62.77,64.39,872422.0,44.3521
2021-02-26 10:45:00,62.88,63.2399,62.4389,62.79,1199359.0,44.4797
2021-02-26 10:30:00,62.97,63.45,62.44,62.89,974685.0,44.642
2021-02-26 10:15:00,63.545,64.2,62.0,62.97,1384005.0,45.6898
2021-02-26 10:00:00,65.175,65.1814,62.56,63.59,1353302.0,48.8885
2021-02-26 09:45:00,64.86,66.0,64.56,65.155,1911855.0,48.1994
2021-02-26 09:30:00,64.3,65.19,64.21,65.19,67857.0,46.9489
2021-02-26 09:15:00,64.4699,64.69,64.4,64.4,36715.0,47.2895
2021-02-26 09:00:00,64.1,64.57,64.0,64.46,37338.0,46.458
2021-02-26 08:45:00,63.7,64.3685,63.7,64.1,13619.0,45.5446
2021-02-26 08:30:00,63.9,63.9,63.5001,63.6,14436.0,45.9298
2021-02-26 08:15:00,62.3701,64.35,62.245,63.9,54343.0,42.2557
2021-02-26 08:00:00,63.75,64.35,63.72,63.9,59864.0,44.9657
2021-02-26 07:45:00,62.76,63.8,62.69,63.75,17996.0,42.3576
2021-02-26 07:30:00,62.52,62.92,62.39,62.92,3514.0,41.699
2021-02-26 07:15:00,62.46,62.95,62.37,62.8,5549.0,41.5348
2021-02-26 07:00:00,62.0,62.27,61.91,62.27,3112.0,40.2664
2021-02-26 06:45:00,62.8,62.8,62.47,62.47,8306.0,41.8179
2021-02-26 06:30:00,62.94,62.94,62.77,62.77,794.0,42.0971
2021-02-26 06:15:00,63.0,63.0,63.0,63.0,148.0,42.2158
2021-02-26 06:00:00,62.7,62.7,62.7,62.7,530.0,41.4031
2021-02-26 05:45:00,62.36,62.47,62.36,62.47,6458.0,40.47
2021-02-26 05:15:00,63.64,63.64,63.42,63.42,1199.0,43.0052
2021-02-26 04:45:00,63.41,63.41,63.41,63.41,370.0,42.3673
2021-02-26 04:15:00,63.58,63.58,63.58,63.58,262.0,42.7147
2021-02-25 20:00:00,62.55,62.8,62.15,62.8,10590.0,39.7717
2021-02-25 19:45:00,62.5,62.75,62.4,62.7,11865.0,39.6237
2021-02-25 19:30:00,62.77,62.77,62.19,62.5,23070.0,40.1477
2021-02-25 19:15:00,62.98,63.15,62.8,62.8,8173.0,40.558
2021-02-25 19:00:00,63.1,63.1,62.76,62.8,5647.0,40.7923
2021-02-25 18:45:00,63.17,63.25,63.15,63.25,5749.0,40.9279
2021-02-25 18:30:00,62.86,63.2,62.86,63.16,3208.0,40.0602
2021-02-25 18:15:00,62.92,63.15,62.86,62.86,3772.0,40.1725
2021-02-25 18:00:00,62.9,62.9,62.75,62.9,2710.0,40.1175
2021-02-25 17:45:00,62.9,62.94,62.75,62.75,6578.0,40.1175
2021-02-25 17:30:00,63.16,63.16,62.85,63.08,6486.0,40.5867
2021-02-25 17:15:00,63.0,63.28,62.92,63.16,5878.0,40.1632
2021-02-25 17:00:00,63.23,63.45,63.0,63.0,24079.0,40.572
2021-02-25 16:45:00,63.04,63.26,62.84,63.26,8870.0,40.0766
2021-02-25 16:30:00,63.4,63.54,62.85,63.0,23561.0,40.7089
2021-02-25 16:15:00,63.26,63.58,63.26,63.45,54492.0,40.349
2021-02-25 16:00:00,63.41,63.7,62.71,63.26,1941693.0,40.6087
2021-02-25 15:45:00,63.83,63.94,62.75,63.4,1637153.0,41.3413
2021-02-25 15:30:00,64.35,64.8,63.55,63.845,979170.0,42.2698
2021-02-25 15:15:00,65.09,65.23,64.08,64.35,884865.0,43.6413
2021-02-25 15:00:00,65.14,65.4,64.96,65.1,600320.0,43.7356
2021-02-25 14:45:00,66.05,66.0599,65.13,65.145,555224.0,45.4946
2021-02-25 14:30:00,66.14,66.48,65.89,66.0896,567549.0,45.6733
2021-02-25 14:15:00,65.45,66.38,65.32,66.11,833286.0,44.0159
2021-02-25 14:00:00,65.58,65.59,65.15,65.4601,554034.0,44.2661
2021-02-25 13:45:00,65.755,65.96,65.23,65.595,967394.0,44.6017
2021-02-25 13:30:00,65.69,65.93,65.4,65.775,1020976.0,44.4479
2021-02-25 13:15:00,64.52,65.62,64.4306,65.62,712154.0,41.5766
2021-02-25 13:00:00,65.31,65.62,63.93,64.57,1019123.0,43.0541
2021-02-25 12:45:00,65.11,65.83,64.83,65.35,1082481.0,42.5458
2021-02-25 12:30:00,65.89,66.14,65.02,65.11,993804.0,44.0538
2021-02-25 12:15:00,66.13,66.13,65.35,65.87,1075833.0,44.5313
2021-02-25 12:00:00,67.0999,67.12,66.11,66.13,1244072.0,46.536
2021-02-25 11:45:00,67.54,67.71,67.02,67.06,635099.0,47.4899
2021-02-25 11:30:00,67.9935,68.41,67.45,67.565,402477.0,48.4972
2021-02-25 11:15:00,68.34,68.48,67.8815,68.02,526406.0,49.2826
2021-02-25 11:00:00,67.55,68.3172,67.105,68.3172,882421.0,47.3718
2021-02-25 10:45:00,68.02,68.44,67.5,67.55,1034597.0,48.4395
2021-02-25 10:30:00,68.7301,69.14,68.01,68.02,793360.0,50.1175
2021-02-25 10:15:00,69.265,69.27,68.0,68.74,914543.0,51.4374
2021-02-25 10:00:00,70.28,70.4799,69.13,69.21,1098776.0,54.0958
2021-02-25 09:45:00,69.4,70.9,69.0,70.27,1518371.0,51.98
2021-02-25 09:30:00,69.5,69.93,68.9,68.9,35407.0,52.2491
2021-02-25 09:15:00,68.95,71.0,68.6517,69.9288,151377.0,50.8736
2021-02-25 09:00:00,68.6001,69.19,68.566,69.1,10758.0,49.9721
2021-02-25 08:45:00,68.51,68.72,68.3,68.6001,13830.0,49.7385
2021-02-25 08:30:00,68.63,68.75,68.34,68.55,8075.0,50.0445
2021-02-25 08:15:00,68.5896,69.47,68.2557,68.72,39809.0,49.9426
2021-02-25 08:00:00,68.7,69.02,68.69,68.85,9344.0,50.2179
2021-02-25 07:45:00,68.55,68.69,68.4,68.69,8893.0,49.8485
2021-02-25 07:30:00,68.41,68.5,68.41,68.49,4537.0,49.5046
2021-02-25 07:15:00,68.01,68.53,68.01,68.5,4123.0,48.5126
2021-02-25 06:30:00,68.69,68.69,68.69,68.69,381.0,50.1598
2021-02-25 06:15:00,69.21,69.21,69.21,69.21,445.0,51.4742
2021-02-25 05:45:00,68.71,68.71,68.71,68.71,101.0,50.2414
2021-02-25 05:15:00,68.62,68.62,68.59,68.62,1251.0,50.0166
2021-02-25 04:30:00,69.0,69.0,69.0,69.0,300.0,50.9726
2021-02-24 20:00:00,69.19,69.19,68.8,69.1,5265.0,51.4561
2021-02-24 19:45:00,69.01,69.01,68.7,68.8,4128.0,51.0233
2021-02-24 19:30:00,69.1,69.19,69.0,69.02,1927.0,51.2479
2021-02-24 19:15:00,69.1,69.19,69.1,69.19,3651.0,51.2479
2021-02-24 19:00:00,69.08,69.15,69.08,69.15,5896.0,51.2018
2021-02-24 18:45:00,68.92,69.15,68.92,69.08,5605.0,50.8355
2021-02-24 18:30:00,68.81,69.14,68.81,69.14,6361.0,50.5848
2021-02-24 18:15:00,69.15,69.15,68.98,68.98,3354.0,51.3812
2021-02-24 18:00:00,68.99,69.15,68.98,68.98,1132.0,51.0244
2021-02-24 17:45:00,69.19,69.19,68.75,69.0,6345.0,51.4889
2021-02-24 17:30:00,68.95,69.3,68.95,69.2,3794.0,50.9621
2021-02-24 17:15:00,68.9,68.9,68.5,68.9,7109.0,50.8528
2021-02-24 17:00:00,69.08,69.08,68.68,68.69,16207.0,51.2573
2021-02-24 16:45:00,69.3,69.43,69.07,69.1,4980.0,51.7521
2021-02-24 16:30:00,69.5,69.5,69.05,69.3,6820.0,52.2025
2021-02-24 16:15:00,69.47,70.6307,69.01,69.01,62196.0,52.1411
2021-02-24 16:00:00,69.28,69.57,68.505,69.51,3421390.0,51.7549
2021-02-24 15:45:00,69.97,70.16,69.21,69.27,1378031.0,53.2907
2021-02-24 15:30:00,69.6,70.09,69.41,69.96,1100885.0,52.5482
2021-02-24 15:15:00,69.435,69.6,69.4,69.5915,518626.0,52.2151
2021-02-24 15:00:00,69.4338,69.806,69.385,69.435,596009.0,52.2127
2021-02-24 14:45:00,69.45,69.54,69.01,69.44,870246.0,52.2475
2021-02-24 14:30:00,69.32,69.9899,69.32,69.45,927555.0,51.9949
2021-02-24 14:15:00,69.93,70.01,69.09,69.32,1422703.0,53.2958
2021-02-24 14:00:00,70.085,70.1911,69.8301,69.9001,876661.0,53.6311
2021-02-24 13:45:00,70.24,70.3,69.81,70.0761,675940.0,53.9649
2021-02-24 13:30:00,70.9667,71.0,70.0,70.25,542073.0,55.5594
2021-02-24 13:15:00,70.9743,71.22,70.5,70.9575,515293.0,55.5762
2021-02-24 13:00:00,70.945,71.45,70.85,70.99,626124.0,55.525
2021-02-24 12:45:00,71.1156,71.37,70.61,70.942,620585.0,55.8942
2021-02-24 12:30:00,70.485,71.28,70.4101,71.12,1046160.0,54.8019
2021-02-24 12:15:00,70.3692,70.9,70.01,70.485,897594.0,54.5989
2021-02-24 12:00:00,69.86,70.47,69.5205,70.39,1359535.0,53.6996
2021-02-24 11:45:00,70.21,70.98,69.57,69.83,2425637.0,54.4283
2021-02-24 11:30:00,71.78,71.98,69.76,70.21,2757165.0,57.8934
2021-02-24 11:15:00,71.73,71.95,71.31,71.79,1012589.0,57.8093
2021-02-24 11:00:00,71.53,72.13,71.3864,71.73,1232957.0,57.4752
2021-02-24 10:45:00,71.915,72.4,71.27,71.535,1540395.0,58.3499
2021-02-24 10:30:00,72.1008,72.8,71.55,71.91,1846644.0,58.7744
2021-02-24 10:15:00,72.9101,72.97,71.31,72.1007,2626351.0,60.6648
2021-02-24 10:00:00,71.4933,73.59,71.47,72.91,4054967.0,58.3593
2021-02-24 09:45:00,70.91,72.69,70.55,71.49,4583981.0,57.3471
2021-02-24 09:30:00,71.1,71.2,70.5,70.99,102828.0,57.7971
2021-02-24 09:15:00,70.41,71.5,70.38,71.06,88610.0,56.5805
2021-02-24 09:00:00,71.91,71.91,70.01,70.5,173041.0,60.2962
2021-02-24 08:45:00,72.11,72.27,71.9,71.9,66790.0,60.8199
2021-02-24 08:30:00,72.65,72.65,72.1,72.11,52838.0,62.2554
2021-02-24 08:15:00,72.45,73.08,71.51,72.65,149570.0,61.9281
2021-02-24 08:00:00,72.5,72.75,72.45,72.49,49570.0,62.0604
2021-02-24 07:45:00,72.5,72.5,72.36,72.5,16851.0,62.0604
2021-02-24 07:30:00,72.57,72.71,72.5,72.5,32876.0,62.2404
2021-02-24 07:15:00,71.56,72.61,71.55,72.55,79069.0,60.62
2021-02-24 07:00:00,71.41,71.75,71.37,71.7,7196.0,60.3717
2021-02-24 06:45:00,71.64,71.64,71.3,71.3,4722.0,60.9513
2021-02-24 06:30:00,71.82,71.82,71.52,71.52,4369.0,61.4049
2021-02-24 06:15:00,71.78,71.78,71.65,71.65,571.0,61.342
2021-02-24 06:00:00,72.1,72.14,71.91,71.91,3880.0,62.1383
2021-02-24 05:45:00,72.0,72.0,71.96,71.96,3148.0,61.9867
2021-02-24 05:30:00,72.0,72.0,71.99,71.99,2989.0,61.9867
2021-02-24 05:15:00,71.98,72.0,71.91,72.0,4965.0,61.9572
2021-02-24 05:00:00,71.97,71.97,71.97,71.97,434.0,61.9427
2021-02-24 04:45:00,71.5,71.98,71.5,71.98,2571.0,61.2601
2021-02-24 04:30:00,71.0,71.34,70.99,71.34,4655.0,60.5194
2021-02-24 04:15:00,70.45,71.0,70.45,70.99,8424.0,59.6855
2021-02-23 20:00:00,71.77,71.8,71.58,71.74,33883.0,62.8165
2021-02-23 19:45:00,71.8501,71.99,71.5,71.77,21692.0,63.0138
2021-02-23 19:30:00,71.59,71.99,71.25,71.83,43299.0,62.6392
2021-02-23 19:15:00,71.7899,71.79,71.45,71.68,9404.0,63.1223
2021-02-23 19:00:00,71.76,71.93,71.76,71.78,18748.0,63.0804
2021-02-23 18:45:00,71.41,71.79,71.41,71.75,8486.0,62.5914
2021-02-23 18:30:00,71.8,71.8,71.27,71.4,22727.0,63.5132
2021-02-23 18:15:00,71.47,71.96,71.47,71.71,30216.0,63.0605
2021-02-23 18:00:00,71.39,71.46,71.27,71.32,10515.0,62.951
2021-02-23 17:45:00,71.13,71.48,71.02,71.3,195977.0,62.5964
2021-02-23 17:30:00,71.235,71.235,71.0,71.15,19035.0,62.8352
2021-02-23 17:15:00,70.91,71.25,70.9,71.24,37526.0,62.3986
2021-02-23 17:00:00,71.0,71.38,70.9,71.0,38100.0,62.5988
2021-02-23 16:45:00,70.71,71.33,70.62,70.85,46490.0,62.2146
2021-02-23 16:30:00,70.75,70.95,70.6,70.6101,35582.0,62.3014
2021-02-23 16:15:00,70.39,71.45,70.37,70.71,152023.0,61.8301
2021-02-23 16:00:00,70.2,72.95,70.05,70.4,8107210.0,61.5808
2021-02-23 15:45:00,67.62,70.45,67.62,70.2,5483048.0,57.9101
2021-02-23 15:30:00,67.5357,68.118,67.03,67.6119,2121647.0,57.7805
2021-02-23 15:15:00,66.62,67.57,66.28,67.55,1968651.0,56.3447
2021-02-23 15:00:00,66.81,67.18,66.37,66.5901,2198314.0,56.7384
2021-02-23 14:45:00,68.18,68.26,66.51,66.8,3914949.0,59.6959
2021-02-23 14:30:00,66.7565,68.7,66.55,68.25,4361062.0,57.4286
2021-02-23 14:15:00,66.09,67.25,65.71,66.75,3051350.0,56.2967
2021-02-23 14:00:00,65.48,66.6,64.61,66.06,3264173.0,55.2252
2021-02-23 13:45:00,66.46,66.73,65.14,65.48,3728825.0,57.4503
2021-02-23 13:30:00,65.8645,67.68,64.83,66.425,8275437.0,56.4007
2021-02-23 13:15:00,60.9017,66.24,60.8901,65.87,8695047.0,45.3536
2021-02-23 13:00:00,58.7,62.65,58.54,60.88,2544659.0,38.5626
2021-02-23 12:45:00,59.05,59.3174,58.53,58.71,399935.0,39.3266
2021-02-23 12:30:00,58.34,59.1099,58.29,59.03,869446.0,36.8303
2021-02-23 12:15:00,58.35,58.58,58.1,58.35,907274.0,36.8513
2021-02-23 12:00:00,58.63,58.88,58.3082,58.365,1968555.0,37.439
2021-02-23 11:45:00,59.01,59.19,58.64,58.64,935515.0,38.2532
2021-02-23 11:30:00,59.64,59.84,58.65,58.97,662599.0,39.6592
2021-02-23 11:15:00,59.46,59.83,58.95,59.64,824408.0,39.0296
2021-02-23 11:00:00,59.4,60.0799,59.16,59.47,1101175.0,38.8203
2021-02-23 10:45:00,59.61,59.61,58.56,59.4,963781.0,39.2843
2021-02-23 10:30:00,58.68,60.0,58.55,59.6,1636745.0,35.9505
2021-02-23 10:15:00,59.4398,59.9,58.21,58.7678,1528427.0,37.6096
2021-02-23 10:00:00,58.429,59.71,56.83,59.44,2130671.0,33.6011
2021-02-23 09:45:00,61.05,61.2299,57.57,58.47,3312692.0,40.184
2021-02-23 09:30:00,61.38,61.38,60.7,60.7,69293.0,41.1829
2021-02-23 09:15:00,61.7,62.0,61.37,61.37,38935.0,42.1828
2021-02-23 09:00:00,61.6,61.99,61.6,61.7499,13806.0,41.7482
2021-02-23 08:45:00,61.96,61.96,61.56,61.61,16922.0,42.8894
2021-02-23 08:30:00,61.75,61.94,61.75,61.94,8947.0,41.9796
2021-02-23 08:15:00,62.0701,63.0,61.75,61.76,48574.0,43.0065
2021-02-23 08:00:00,62.25,62.27,62.1,62.22,1907.0,43.5959
2021-02-23 07:45:00,62.32,62.58,62.0,62.58,9043.0,43.8257
2021-02-23 07:30:00,62.39,62.8,62.39,62.64,12037.0,44.0541
2021-02-23 07:15:00,62.0,62.51,62.0,62.5,14347.0,42.4102
2021-02-23 07:00:00,62.0,62.11,62.0,62.11,1212.0,42.4102
2021-02-23 06:45:00,61.86,62.0,61.86,62.0,2001.0,41.8167
2021-02-23 06:30:00,61.87,61.9,61.87,61.9,5400.0,41.847
2021-02-23 06:15:00,61.24,61.89,61.24,61.89,2366.0,39.1151
2021-02-23 06:00:00,61.13,61.25,61.13,61.25,1569.0,38.6201
2021-02-23 05:45:00,61.0,61.0,60.49,60.5,9458.0,38.0345
2021-02-23 05:30:00,61.11,61.25,61.11,61.17,7431.0,38.3388
2021-02-23 05:15:00,62.15,62.15,61.9,61.9,15200.0,41.4199
2021-02-23 05:00:00,62.21,62.21,62.11,62.11,900.0,41.6096
2021-02-23 04:45:00,62.11,62.22,62.11,62.22,365.0,41.168
2021-02-23 04:30:00,63.01,63.01,62.11,62.11,8715.0,44.121
2021-02-23 04:15:00,63.59,63.59,63.0,63.0,518.0,46.2221
2021-02-22 20:00:00,63.7,63.85,63.65,63.65,3533.0,46.6363
2021-02-22 19:45:00,63.75,63.83,63.6,63.61,7900.0,46.8238
2021-02-22 19:30:00,63.74,63.75,63.65,63.65,775.0,46.7817
2021-02-22 19:15:00,63.71,63.72,63.65,63.65,13692.0,46.6572
2021-02-22 19:00:00,63.75,63.89,63.71,63.75,27411.0,46.8008
2021-02-22 18:45:00,63.7,63.8,63.65,63.75,4443.0,46.5988
2021-02-22 18:30:00,63.66,63.7,63.65,63.7,3159.0,46.4388
2021-02-22 18:15:00,63.69,63.7,63.65,63.66,2614.0,46.5416
2021-02-22 18:00:00,63.61,63.65,63.51,63.65,4963.0,46.2293
2021-02-22 17:45:00,63.65,63.65,63.5,63.64,2656.0,46.3625
2021-02-22 17:30:00,63.5999,63.6,63.51,63.6,5407.0,46.1715
2021-02-22 17:15:00,63.55,63.6,63.55,63.6,3352.0,45.9832
2021-02-22 17:00:00,63.6499,63.65,63.55,63.64,175364.0,46.3021
2021-02-22 16:45:00,63.49,63.6,63.49,63.6,1916.0,45.7095
2021-02-22 16:30:00,63.49,63.6,63.49,63.6,3427.0,45.7095
2021-02-22 16:15:00,63.41,64.06,63.41,63.45,275865.0,45.418
2021-02-22 16:00:00,63.38,63.59,63.11,63.43,1665230.0,45.3098
2021-02-22 15:45:00,63.6722,63.6881,63.08,63.37,1156238.0,46.1872
2021-02-22 15:30:00,64.31,64.5689,63.55,63.686,953872.0,48.1901
2021-02-22 15:15:00,65.19,65.24,64.23,64.3,1289048.0,51.2027
2021-02-22 15:00:00,65.4392,65.5,65.0775,65.2,427748.0,52.1098
2021-02-22 14:45:00,65.63,65.6999,65.2801,65.4288,375771.0,52.8143
2021-02-22 14:30:00,65.23,65.77,65.23,65.63,367990.0,51.4616
2021-02-22 14:15:00,65.48,65.56,65.22,65.22,219509.0,52.3845
2021-02-22 14:00:00,65.3482,65.8,65.32,65.4724,549819.0,51.9376
2021-02-22 13:45:00,65.31,65.459,65.2,65.34,334920.0,51.8087
2021-02-22 13:30:00,65.0799,65.41,65.0501,65.335,212771.0,51.0309
2021-02-22 13:15:00,65.365,65.44,65.06,65.06,241830.0,52.0546
2021-02-22 13:00:00,64.93,65.45,64.93,65.375,400589.0,50.5667
2021-02-22 12:45:00,65.2299,65.27,64.86,64.93,293660.0,51.6534
2021-02-22 12:30:00,65.14,65.33,65.07,65.201,290176.0,51.3452
2021-02-22 12:15:00,65.73,65.8987,64.96,65.1292,475492.0,53.5483
2021-02-22 12:00:00,65.72,65.84,65.38,65.7525,433659.0,53.515
2021-02-22 11:45:00,65.3926,65.83,65.2,65.75,550407.0,52.4188
2021-02-22 11:30:00,65.67,66.02,65.36,65.4,828071.0,53.4693
2021-02-22 11:15:00,65.07,65.67,64.88,65.625,870747.0,51.3976
2021-02-22 11:00:00,65.95,65.96,64.78,65.07,854014.0,54.9245
2021-02-22 10:45:00,66.18,66.26,65.1,65.9201,1103923.0,55.9106
2021-02-22 10:30:00,67.1239,67.23,65.66,66.18,1295168.0,60.2775
2021-02-22 10:15:00,67.42,67.5,66.86,67.1,1095643.0,61.7657
2021-02-22 10:00:00,66.14,67.48,65.95,67.42,1653826.0,57.2827
2021-02-22 09:45:00,66.35,67.47,66.01,66.14,3315081.0,58.3871
2021-02-22 09:30:00,66.09,66.5,65.85,66.5,97789.0,57.3869
2021-02-22 09:15:00,65.75,66.4,65.52,66.01,167222.0,56.0277
2021-02-22 09:00:00,65.28,65.8,65.22,65.75,38044.0,54.0348
2021-02-22 08:45:00,65.3,65.4,65.22,65.33,12078.0,54.1375
2021-02-22 08:30:00,65.4,65.41,65.21,65.22,9604.0,54.648
2021-02-22 08:15:00,64.87,65.66,64.8611,65.45,58064.0,52.3039
2021-02-22 08:00:00,64.95,65.21,64.95,65.01,12355.0,52.7083
2021-02-22 07:45:00,65.25,65.35,64.8,64.85,15592.0,54.255
2021-02-22 07:30:00,65.15,65.35,64.8,65.15,17062.0,53.8107
2021-02-22 07:15:00,64.87,65.52,64.87,65.05,81592.0,52.5417
2021-02-22 07:00:00,64.88,64.88,64.76,64.87,18373.0,52.5924
2021-02-22 06:45:00,65.23,65.24,64.72,64.88,44478.0,54.4007
2021-02-22 06:30:00,65.41,65.41,65.24,65.24,13066.0,55.3633
2021-02-22 06:15:00,65.74,65.75,65.4,65.55,21173.0,57.1877
2021-02-22 06:00:00,65.79,65.79,65.71,65.71,6203.0,57.4698
2021-02-22 05:45:00,65.9,65.9,65.9,65.9,1798.0,58.0899
2021-02-22 05:30:00,65.9,65.9,65.85,65.9,13210.0,58.0899
2021-02-22 05:15:00,65.68,65.9,65.68,65.9,8308.0,57.1968
2021-02-22 05:00:00,66.0,66.1,65.96,65.96,9941.0,58.9948
2021-02-22 04:45:00,65.8,66.1,65.8,66.1,9392.0,58.187
2021-02-22 04:30:00,65.92,65.93,65.7,65.8,5799.0,58.8713
2021-02-22 04:15:00,66.85,67.0,65.47,65.81,24134.0,64.6668
2021-02-19 20:00:00,65.83,65.83,65.79,65.79,5409.0,60.4698
2021-02-19 19:45:00,65.79,65.82,65.79,65.79,615.0,60.2879
2021-02-19 19:30:00,65.79,65.79,65.79,65.79,1236.0,60.2879
2021-02-19 19:15:00,65.8,65.84,65.8,65.83,1688.0,60.3551
2021-02-19 19:00:00,65.82,65.87,65.8,65.86,1732.0,60.4875
2021-02-19 18:45:00,65.75,65.85,65.75,65.85,2848.0,60.1868
2021-02-19 18:30:00,65.79,65.79,65.79,65.79,626.0,60.4453
2021-02-19 18:15:00,65.62,65.7899,65.59,65.7899,1889.0,59.7223
2021-02-19 18:00:00,65.71,65.86,65.59,65.59,6664.0,60.2961
2021-02-19 17:45:00,65.65,65.75,65.65,65.65,2700.0,60.0444
2021-02-19 17:30:00,65.59,65.59,65.59,65.59,2098.0,59.7938
2021-02-19 17:15:00,65.54,65.55,65.51,65.51,1048.0,59.5861
2021-02-19 17:00:00,65.59,65.59,65.59,65.59,107.0,59.8904
2021-02-19 16:45:00,65.55,65.55,65.51,65.52,9269.0,59.7286
2021-02-19 16:30:00,65.39,65.55,65.39,65.51,3678.0,59.0796
2021-02-19 16:15:00,65.52,65.52,65.26,65.44,43834.0,59.8502
2021-02-19 16:00:00,65.3463,65.64,65.33,65.52,2270854.0,59.1501
2021-02-19 15:45:00,65.09,65.44,65.03,65.34,971058.0,58.0897
2021-02-19 15:30:00,65.13,65.18,64.83,65.08,1024400.0,58.3221
2021-02-19 15:15:00,65.15,65.22,64.9,65.11,929279.0,58.437
2021-02-19 15:00:00,65.1,65.3,65.02,65.145,410075.0,58.2347
2021-02-19 14:45:00,64.98,65.27,64.95,65.08,733185.0,57.7493
2021-02-19 14:30:00,65.12,65.28,64.9,64.98,490057.0,58.5296
2021-02-19 14:15:00,65.11,65.35,64.97,65.13,1822430.0,58.4902
2021-02-19 14:00:00,65.08,65.1368,64.86,65.12,285997.0,58.3736
2021-02-19 13:45:00,65.105,65.22,65.01,65.08,252222.0,58.5083
2021-02-19 13:30:00,64.88,65.2,64.77,65.103,370823.0,57.6431
2021-02-19 13:15:00,64.99,65.03,64.76,64.89,423289.0,58.2268
2021-02-19 13:00:00,65.03,65.1,64.74,65.0,563717.0,58.4384
2021-02-19 12:45:00,64.73,65.07,64.72,65.05,405546.0,57.2938
2021-02-19 12:30:00,64.945,64.96,64.7182,64.73,317446.0,58.4278
2021-02-19 12:15:00,64.98,65.13,64.82,64.945,325975.0,58.6134
2021-02-19 12:00:00,65.06,65.09,64.9117,64.98,245397.0,59.0352
2021-02-19 11:45:00,64.8,65.24,64.785,65.07,644501.0,58.0711
2021-02-19 11:30:00,64.96,65.11,64.76,64.785,556566.0,58.91
2021-02-19 11:15:00,65.0,65.19,64.75,64.97,532375.0,59.12
2021-02-19 11:00:00,65.045,65.28,64.97,65.0,580715.0,59.354
2021-02-19 10:45:00,65.295,65.36,64.89,65.045,574449.0,60.666
2021-02-19 10:30:00,65.19,65.33,64.745,65.295,661493.0,60.3036
2021-02-19 10:15:00,65.38,65.5732,64.8601,65.2005,1404271.0,61.3086
2021-02-19 10:00:00,64.95,65.79,64.58,65.41,1644056.0,59.8183
2021-02-19 09:45:00,63.92,65.08,63.73,64.98,2211883.0,55.809
2021-02-19 09:30:00,63.68,63.97,63.62,63.97,18735.0,54.775
2021-02-19 09:15:00,63.96,63.96,63.75,63.75,8831.0,56.2858
2021-02-19 09:00:00,63.6199,63.94,63.6,63.94,10425.0,54.7966
2021-02-19 08:45:00,63.6,63.63,62.87,63.6,153173.0,54.7079
2021-02-19 08:30:00,63.57,63.7,63.57,63.6,6355.0,54.5756
2021-02-19 08:15:00,63.4,63.49,63.3,63.33,8467.0,53.8243
2021-02-19 08:00:00,63.32,63.4,63.32,63.4,3756.0,53.4682
2021-02-19 07:45:00,63.44,63.45,63.44,63.44,1232.0,54.0835
2021-02-19 07:30:00,63.34,63.34,63.34,63.34,600.0,53.6464
2021-02-19 07:15:00,63.35,63.47,63.35,63.47,1108.0,53.6966
2021-02-19 06:30:00,63.22,63.36,63.22,63.36,964.0,53.1354
2021-02-18 20:00:00,62.76,62.76,62.71,62.71,815.0,51.0717
2021-02-18 19:30:00,62.77,62.85,62.76,62.76,713.0,51.1198
2021-02-18 19:15:00,62.86,62.86,62.8,62.8,575.0,51.5496
2021-02-18 19:00:00,62.86,62.86,62.86,62.86,131.0,51.5496
2021-02-18 18:45:00,62.9,62.95,62.86,62.9,935.0,51.7366
2021-02-18 18:30:00,62.86,62.9,62.86,62.86,2313.0,51.5639
2021-02-18 18:15:00,62.86,62.9,62.86,62.9,300.0,51.5639
2021-02-18 18:00:00,62.9,62.9,62.86,62.86,998.0,51.7429
2021-02-18 17:45:00,62.98,62.98,62.9,62.9,2790.0,52.0988
2021-02-18 17:15:00,62.85,62.87,62.85,62.87,1784.0,51.5665
2021-02-18 17:00:00,62.87,62.87,62.83,62.87,744.0,51.6534
2021-02-18 16:45:00,62.9,62.9,62.85,62.85,812.0,51.782
2021-02-18 16:30:00,62.88,62.9,62.8,62.85,4694.0,51.7031
2021-02-18 16:15:00,62.95,62.95,62.77,62.85,62671.0,51.9957
2021-02-18 16:00:00,63.24,63.265,62.84,62.87,713509.0,53.2225
2021-02-18 15:45:00,63.08,63.28,63.0502,63.245,353283.0,52.6159
2021-02-18 15:30:00,63.31,63.33,62.94,63.0999,384057.0,53.5983
2021-02-18 15:15:00,62.97,63.35,62.9363,63.315,486740.0,52.3038
2021-02-18 15:00:00,62.69,62.96,62.6007,62.955,328335.0,51.2014
2021-02-18 14:45:00,62.48,62.74,62.48,62.67,233516.0,50.3551
2021-02-18 14:30:00,62.5063,62.56,62.3578,62.47,173533.0,50.4629
2021-02-18 14:15:00,62.17,62.67,62.16,62.51,292521.0,49.0929
2021-02-18 14:00:00,62.1,62.22,62.07,62.17,147501.0,48.8031
2021-02-18 13:45:00,62.2,62.25,61.97,62.1,182167.0,49.1966
2021-02-18 13:30:00,61.92,62.3899,61.78,62.23,1017898.0,48.0434
2021-02-18 13:15:00,61.5799,61.97,61.49,61.91,292752.0,46.5954
2021-02-18 13:00:00,61.55,61.73,61.4,61.58,351342.0,46.4665
2021-02-18 12:45:00,61.65,61.72,61.55,61.55,249590.0,46.8385
2021-02-18 12:30:00,61.73,61.88,61.63,61.66,283573.0,47.1353
2021-02-18 12:15:00,61.9801,62.01,61.71,61.75,332110.0,48.0719
2021-02-18 12:00:00,62.14,62.16,61.9361,61.99,259858.0,48.6801
2021-02-18 11:45:00,62.3,62.4116,62.08,62.15,290667.0,49.2936
2021-02-18 11:30:00,61.91,62.3999,61.9,62.33,347569.0,47.714
2021-02-18 11:15:00,61.91,62.25,61.67,61.92,454363.0,47.714
2021-02-18 11:00:00,62.09,62.32,61.7795,61.89,679753.0,48.3867
2021-02-18 10:45:00,61.7699,62.23,61.6,62.11,552921.0,47.0821
2021-02-18 10:30:00,62.63,62.68,61.5301,61.79,944821.0,50.4516
2021-02-18 10:15:00,63.7,63.7,62.52,62.6399,629828.0,55.2924
2021-02-18 10:00:00,63.76,63.88,63.3,63.7,983318.0,55.5865
2021-02-18 09:45:00,61.98,64.0,61.98,63.77,1529517.0,47.4297
2021-02-18 09:30:00,61.65,62.0,61.51,62.0,16367.0,45.6086
2021-02-18 09:15:00,61.85,61.99,61.51,61.65,17023.0,46.57
2021-02-18 09:00:00,61.89,62.05,61.75,62.0,24887.0,46.7639
2021-02-18 08:45:00,62.0,62.05,61.81,61.84,5850.0,47.2963
2021-02-18 08:30:00,62.13,62.13,62.02,62.02,7290.0,47.9305
2021-02-18 08:15:00,62.23,62.45,62.15,62.2,11445.0,48.4216
2021-02-18 08:00:00,62.28,62.3,62.22,62.26,5877.0,48.6668
2021-02-18 07:45:00,62.36,62.36,62.22,62.22,9181.0,49.0576
2021-02-18 07:30:00,62.25,62.36,62.25,62.36,3260.0,48.4984
2021-02-18 07:15:00,61.82,62.61,61.82,62.14,13982.0,46.2296
2021-02-18 06:30:00,61.9,61.9,61.85,61.85,321.0,46.6052
2021-02-18 04:15:00,62.4,62.4,62.4,62.4,354.0,49.0547
2021-02-17 20:00:00,62.71,62.88,62.71,62.86,1584.0,50.6785
2021-02-17 19:30:00,62.84,62.84,62.79,62.79,354.0,51.3799
2021-02-17 19:15:00,62.8,62.8,62.8,62.8,509.0,51.1755
2021-02-17 18:45:00,62.67,62.71,62.67,62.71,251.0,50.5104
2021-02-17 18:30:00,62.61,62.61,62.61,62.61,168.0,50.2026
2021-02-17 18:15:00,62.7,62.7,62.6,62.6,396.0,50.6674
2021-02-17 18:00:00,62.78,62.78,62.61,62.61,7007.0,51.0809
2021-02-17 17:45:00,62.82,62.84,62.82,62.84,462.0,51.2867
2021-02-17 17:30:00,62.85,62.85,62.8,62.8,317.0,51.4395
2021-02-17 17:15:00,62.85,62.85,62.85,62.85,843.0,51.4395
2021-02-17 17:00:00,62.72,62.75,62.72,62.75,1213.0,50.8255
2021-02-17 16:45:00,62.72,62.88,62.72,62.74,21135.0,50.8255
2021-02-17 16:30:00,62.74,62.83,62.72,62.8,1508.0,50.9213
2021-02-17 16:15:00,62.72,62.9,62.69,62.9,2937972.0,50.8302
2021-02-17 16:00:00,62.91,63.0,62.73,62.78,825239.0,51.7272
2021-02-17 15:45:00,62.74,62.925,62.73,62.905,299629.0,50.9659
2021-02-17 15:30:00,62.84,62.935,62.685,62.73,288182.0,51.4351
2021-02-17 15:15:00,62.71,62.9,62.71,62.84,273389.0,50.8567
2021-02-17 15:00:00,62.66,62.8,62.65,62.71,282074.0,50.6344
2021-02-17 14:45:00,62.38,62.73,62.36,62.66,442682.0,49.373
2021-02-17 14:30:00,62.66,62.66,62.36,62.4,156815.0,50.6455
2021-02-17 14:15:00,62.545,62.7,62.46,62.6267,172760.0,50.1264
2021-02-17 14:00:00,62.335,62.715,62.306,62.53,214402.0,49.1662
2021-02-17 13:45:00,62.17,62.4,62.13,62.33,167691.0,48.3987
2021-02-17 13:30:00,62.64,62.64,62.0,62.19,202232.0,50.5359
2021-02-17 13:15:00,62.54,62.76,62.54,62.63,158406.0,50.0747
2021-02-17 13:00:00,62.5917,62.7699,62.555,62.555,323039.0,50.3132
2021-02-17 12:45:00,62.46,62.61,62.32,62.605,240190.0,49.7132
2021-02-17 12:30:00,62.25,62.46,62.09,62.46,214173.0,48.7426
2021-02-17 12:15:00,62.075,62.53,62.06,62.2181,395372.0,47.919
2021-02-17 12:00:00,61.83,62.21,61.6675,62.07,378628.0,46.7407
2021-02-17 11:45:00,61.91,62.0381,61.41,61.81,465998.0,47.0827
2021-02-17 11:30:00,61.82,61.93,61.3,61.92,514975.0,46.6509
2021-02-17 11:15:00,62.31,62.49,61.82,61.82,436506.0,48.7822
2021-02-17 11:00:00,62.21,62.41,62.03,62.24,334036.0,48.3082
2021-02-17 10:45:00,62.09,62.38,61.93,62.18,527083.0,47.7376
2021-02-17 10:30:00,62.87,62.948,61.8806,62.14,424036.0,51.3616
2021-02-17 10:15:00,62.76,63.22,62.3506,62.88,547750.0,50.8441
2021-02-17 10:00:00,61.92,62.95,61.6801,62.79,726433.0,46.5759
2021-02-17 09:45:00,62.0303,62.25,61.07,61.965,1324724.0,47.104
2021-02-17 09:30:00,62.1,62.8412,61.87,62.1,25766.0,47.4383
2021-02-17 09:15:00,62.21,62.5,62.0849,62.1086,6932.0,47.9664
2021-02-17 09:00:00,62.49,62.5,62.25,62.25,4320.0,49.3416
2021-02-17 08:45:00,62.45,62.46,62.45,62.45,8727.0,49.1367
2021-02-17 08:30:00,62.42,62.45,62.42,62.45,1070.0,48.9846
2021-02-17 08:15:00,62.8,62.8,62.3298,62.3486,7241.0,50.8801
2021-02-17 08:00:00,62.6,62.6,62.6,62.6,100.0,49.8763
2021-02-17 07:45:00,62.6,62.6,62.59,62.6,4948.0,49.8763
2021-02-17 07:30:00,62.6,62.6,62.6,62.6,8091.0,49.8763
2021-02-17 06:45:00,62.17,62.52,62.17,62.45,958.0,47.6909
2021-02-16 20:00:00,62.7,62.8,62.62,62.8,9590.0,50.3516
2021-02-16 19:45:00,62.55,62.71,62.55,62.71,300.0,49.5686
2021-02-16 19:30:00,62.4,62.4,62.4,62.4,100.0,48.7742
2021-02-16 19:00:00,62.76,62.76,62.44,62.44,751.0,50.6575
2021-02-16 18:45:00,62.7,62.76,62.7,62.7,15602.0,50.3432
2021-02-16 18:30:00,62.71,62.71,62.71,62.71,873.0,50.3958
2021-02-16 18:15:00,62.78,62.78,62.7,62.71,2299.0,50.7609
2021-02-16 18:00:00,62.7,62.75,62.7,62.7,1486.0,50.3568
2021-02-16 17:45:00,62.75,62.75,62.7,62.7,3907.0,50.6121
2021-02-16 17:30:00,62.79,62.79,62.75,62.75,1115.0,50.8147
2021-02-16 17:15:00,62.75,62.79,62.75,62.79,740.0,50.6203
2021-02-16 17:00:00,62.79,62.81,62.75,62.79,32410.0,50.8178
2021-02-16 16:45:00,62.78,62.81,62.75,62.81,8737.0,50.7706
2021-02-16 16:30:00,62.79,62.79,62.75,62.79,754.0,50.8186
2021-02-16 16:15:00,62.81,62.9,62.7,62.8,45416.0,50.9132
2021-02-16 16:00:00,62.775,62.97,62.6,62.82,886364.0,50.7554
2021-02-16 15:45:00,62.61,62.83,62.46,62.775,478831.0,50.0104
2021-02-16 15:30:00,62.74,62.76,62.6,62.615,224870.0,50.6035
2021-02-16 15:15:00,62.57,62.86,62.56,62.74,1157309.0,49.8385
2021-02-16 15:00:00,62.61,62.67,62.39,62.6,721012.0,50.0177
2021-02-16 14:45:00,62.325,62.6181,62.2617,62.6162,197730.0,48.7259
2021-02-16 14:30:00,62.31,62.41,62.21,62.32,177067.0,48.6572
2021-02-16 14:15:00,62.18,62.5134,62.18,62.31,186441.0,48.0644
2021-02-16 14:00:00,62.465,62.49,62.16,62.17,194757.0,49.2913
2021-02-16 13:45:00,62.62,62.66,62.415,62.4567,277015.0,49.9736
2021-02-16 13:30:00,62.5201,62.73,62.52,62.635,311012.0,49.5309
2021-02-16 13:15:00,62.025,62.72,62.01,62.53,495596.0,47.2561
2021-02-16 13:00:00,61.905,62.25,61.75,62.025,696221.0,46.6834
2021-02-16 12:45:00,62.29,62.35,61.6,61.92,840570.0,48.3394
2021-02-16 12:30:00,61.97,62.44,61.58,62.28,874438.0,46.7969
2021-02-16 12:15:00,62.07,62.22,61.18,61.92,1027929.0,47.2302
2021-02-16 12:00:00,62.825,62.825,61.5,62.075,1386372.0,50.7171
2021-02-16 11:45:00,62.975,63.23,62.7206,62.83,1045141.0,51.4593
2021-02-16 11:30:00,63.94,63.9558,62.95,63.0,764314.0,56.7092
2021-02-16 11:15:00,63.845,64.15,63.69,63.94,845550.0,56.2774
2021-02-16 11:00:00,63.85,64.29,63.58,63.845,1010835.0,56.3065
2021-02-16 10:45:00,63.81,64.12,63.55,63.85,927826.0,56.1282
2021-02-16 10:30:00,62.86,63.85,62.86,63.82,884863.0,51.508
2021-02-16 10:15:00,62.855,63.54,62.56,62.835,795749.0,51.4815
2021-02-16 10:00:00,62.21,63.0,62.1,62.83,668261.0,47.8758
2021-02-16 09:45:00,62.28,62.74,62.02,62.23,1082198.0,48.2585
2021-02-16 09:30:00,62.16,62.38,62.03,62.25,14006.0,47.5517
2021-02-16 09:15:00,62.44,62.44,62.07,62.07,5937.0,49.0904
2021-02-16 09:00:00,62.5999,62.5999,62.26,62.26,1577.0,49.9989
2021-02-16 08:45:00,62.45,62.57,62.4,62.56,6836.0,49.131
2021-02-16 08:30:00,62.64,62.64,62.5,62.5,4936.0,50.2173
2021-02-16 08:15:00,62.5,62.85,62.5,62.55,14356.0,49.4068
2021-02-16 08:00:00,62.59,62.68,62.5,62.68,5781.0,49.9206
2021-02-16 07:45:00,62.66,62.68,62.66,62.66,5816.0,50.3208
2021-02-16 07:30:00,62.51,62.51,62.51,62.51,400.0,49.4672
2021-02-16 07:15:00,62.7,62.7,62.5,62.63,7440.0,50.5491
2021-02-16 07:00:00,62.72,62.72,62.72,62.72,100.0,50.6638
2021-02-16 06:30:00,62.72,62.72,62.72,62.72,262.0,50.6638
2021-02-16 06:00:00,62.72,62.72,62.72,62.72,150.0,50.6638
2021-02-16 05:45:00,62.68,62.68,62.68,62.68,130.0,50.45
2021-02-16 05:30:00,62.88,62.88,62.88,62.88,334.0,51.5483
2021-02-12 20:00:00,61.98,61.98,61.9,61.9,3781.0,46.3831
2021-02-12 19:45:00,61.97,61.99,61.9,61.9,2998.0,46.3206
2021-02-12 19:30:00,61.9,61.9899,61.9,61.9899,999.0,45.8862
2021-02-12 19:15:00,61.9,61.9,61.9,61.9,216.0,45.8862
2021-02-12 19:00:00,61.98,61.98,61.9,61.9,300.0,46.3003
2021-02-12 18:45:00,61.9,61.9001,61.9,61.9001,370.0,45.8196
2021-02-12 18:30:00,61.9001,61.98,61.9001,61.98,1315.0,45.8201
2021-02-12 18:15:00,61.99,61.99,61.92,61.92,1984.0,46.2701
2021-02-12 18:00:00,61.91,61.91,61.91,61.91,105.0,45.8043
2021-02-12 17:45:00,61.99,62.0,61.91,61.99,3280.0,46.1982
2021-02-12 17:30:00,62.02,62.02,61.96,61.96,1669.0,46.3451
2021-02-12 17:15:00,61.97,62.1,61.96,62.02,8012.0,46.0639
2021-02-12 17:00:00,61.9601,62.05,61.9601,62.05,271249.0,46.0088
2021-02-12 16:45:00,62.0,62.01,61.96,61.96,4240.0,46.1958
2021-02-12 16:30:00,61.98,62.0,61.91,61.99,10774.0,46.0878
2021-02-12 16:15:00,61.97,62.1,61.8,61.95,439447.0,46.0346
2021-02-12 16:00:00,62.23,62.26,61.835,61.98,1431896.0,47.2274
2021-02-12 15:45:00,62.06,62.45,62.015,62.24,447855.0,46.3333
2021-02-12 15:30:00,62.367,62.42,62.06,62.08,319236.0,47.7705
2021-02-12 15:15:00,62.55,62.65,62.33,62.37,228117.0,48.6551
2021-02-12 15:00:00,62.81,62.86,62.44,62.54,281893.0,49.9472
2021-02-12 14:45:00,62.74,62.86,62.61,62.815,731580.0,49.5928
2021-02-12 14:30:00,62.69,62.79,62.63,62.75,163587.0,49.3409
2021-02-12 14:15:00,62.75,62.82,62.6137,62.69,144978.0,49.6336
2021-02-12 14:00:00,62.72,62.88,62.6535,62.75,238224.0,49.4863
2021-02-12 13:45:00,62.66,62.82,62.65,62.73,172787.0,49.1939
2021-02-12 13:30:00,62.53,62.8463,62.41,62.663,309856.0,48.5597
2021-02-12 13:15:00,62.355,62.7399,62.34,62.5367,227342.0,47.6954
2021-02-12 13:00:00,62.3,62.51,62.08,62.3632,264190.0,47.4224
2021-02-12 12:45:00,62.3129,62.34,62.2037,62.29,171975.0,47.4795
2021-02-12 12:30:00,62.51,62.52,62.1458,62.3087,286149.0,48.3552
2021-02-12 12:15:00,62.59,62.6941,62.49,62.51,131713.0,48.7138
2021-02-12 12:00:00,62.445,62.7174,62.4048,62.59,273727.0,48.0269
2021-02-12 11:45:00,62.79,62.81,62.41,62.44,272962.0,49.5806
2021-02-12 11:30:00,62.78,63.04,62.7,62.775,317563.0,49.534
2021-02-12 11:15:00,62.86,63.0399,62.72,62.74,333647.0,49.8963
2021-02-12 11:00:00,62.79,62.98,62.61,62.8535,417411.0,49.579
2021-02-12 10:45:00,62.7899,62.9,62.55,62.76,267828.0,49.5786
2021-02-12 10:30:00,62.82,63.2787,62.51,62.79,428903.0,49.7095
2021-02-12 10:15:00,63.0022,63.12,62.59,62.86,481123.0,50.503
2021-02-12 10:00:00,62.8,63.29,62.23,62.96,630250.0,49.6254
2021-02-12 09:45:00,62.06,63.03,60.88,62.7699,1094754.0,46.1921
2021-02-12 09:30:00,61.9,62.14,61.9,62.11,3050.0,45.401
2021-02-12 09:15:00,61.7952,62.23,61.7952,62.2,17401.0,44.8789
2021-02-12 09:00:00,62.12,62.22,61.8,61.8,11492.0,46.2259
2021-02-12 08:45:00,62.04,62.23,62.0001,62.0001,11176.0,45.8321
2021-02-12 08:30:00,62.15,62.21,62.075,62.075,3845.0,46.2904
