date,1. open,2. high,3. low,4. close,5. volume
2021-03-26 20:00:00,61.45,61.5,61.25,61.35,8543.0
2021-03-26 19:45:00,61.34,61.4,61.34,61.4,3069.0
2021-03-26 19:30:00,61.3001,61.3001,61.26,61.26,5698.0
2021-03-26 19:15:00,61.34,61.34,61.34,61.34,200.0
2021-03-26 19:00:00,61.26,61.26,61.26,61.26,784.0
2021-03-26 18:45:00,61.3,61.3,61.3,61.3,500.0
2021-03-26 18:30:00,61.47,61.47,61.47,61.47,135.0
2021-03-26 18:15:00,61.46,61.47,61.26,61.26,1100.0
2021-03-26 18:00:00,61.3,61.41,61.3,61.35,2535.0
2021-03-26 17:45:00,61.48,61.48,61.48,61.48,201.0
2021-03-26 17:15:00,61.3,61.3,61.3,61.3,1975.0
2021-03-26 17:00:00,61.4,61.4,61.26,61.35,10929.0
2021-03-26 16:45:00,61.4,61.46,61.26,61.46,894.0
2021-03-26 16:30:00,61.26,61.36,61.26,61.26,7789.0
2021-03-26 16:15:00,61.17,61.35,61.17,61.26,398634.0
2021-03-26 16:00:00,60.39,61.35,60.38,61.265,1998105.0
2021-03-26 15:45:00,60.44,60.55,60.305,60.39,705097.0
2021-03-26 15:30:00,59.89,60.5,59.86,60.44,493019.0
2021-03-26 15:15:00,60.04,60.06,59.63,59.9,565075.0
2021-03-26 15:00:00,59.7,60.05,59.28,60.04,630411.0
2021-03-26 14:45:00,60.01,60.0999,59.65,59.72,583345.0
2021-03-26 14:30:00,59.65,60.07,59.5,60.0098,613695.0
2021-03-26 14:15:00,60.08,60.12,59.57,59.66,687078.0
2021-03-26 14:00:00,60.23,60.33,60.05,60.08,512224.0
2021-03-26 13:45:00,60.675,60.78,60.22,60.23,272879.0
2021-03-26 13:30:00,60.67,60.84,60.5,60.67,632293.0
2021-03-26 13:15:00,60.2,60.71,60.19,60.68,315720.0
2021-03-26 13:00:00,60.45,60.53,60.14,60.1901,409960.0
2021-03-26 12:45:00,60.35,60.46,60.17,60.4408,363202.0
2021-03-26 12:30:00,60.62,60.66,60.22,60.33,386161.0
2021-03-26 12:15:00,60.44,60.62,60.23,60.62,344560.0
2021-03-26 12:00:00,60.535,60.73,60.2701,60.44,346148.0
2021-03-26 11:45:00,60.305,60.55,60.18,60.52,447240.0
2021-03-26 11:30:00,60.355,60.5,60.12,60.29,403179.0
2021-03-26 11:15:00,60.56,60.675,60.22,60.36,450360.0
2021-03-26 11:00:00,61.13,61.17,60.52,60.545,336015.0
2021-03-26 10:45:00,61.5,61.6,61.05,61.15,353420.0
2021-03-26 10:30:00,61.32,61.5,61.01,61.49,390463.0
2021-03-26 10:15:00,61.32,61.87,61.2,61.29,334751.0
2021-03-26 10:00:00,60.89,61.73,60.84,61.2894,504827.0
2021-03-26 09:45:00,61.52,61.57,60.73,60.875,603760.0
2021-03-26 09:30:00,61.55,61.6,61.2,61.6,98022.0
2021-03-26 09:15:00,61.35,61.59,61.35,61.45,9261.0
2021-03-26 09:00:00,61.66,61.66,61.28,61.37,12436.0
2021-03-26 08:45:00,61.18,61.52,61.18,61.52,3956.0
2021-03-26 08:30:00,60.99,60.99,60.8501,60.86,4176.0
2021-03-26 08:15:00,61.6401,61.75,61.0,61.0,17775.0
2021-03-26 08:00:00,61.3,61.3,61.3,61.3,360.0
2021-03-26 07:45:00,61.3,61.3,61.27,61.27,882.0
2021-03-26 07:30:00,61.35,61.36,61.31,61.31,3339.0
2021-03-26 07:15:00,61.65,61.7,61.3,61.3,2676.0
2021-03-26 06:45:00,61.75,61.75,61.66,61.7,942.0
2021-03-26 06:30:00,61.94,61.94,61.94,61.94,100.0
2021-03-26 05:30:00,61.75,61.75,61.75,61.75,100.0
2021-03-25 20:00:00,61.44,61.6,61.44,61.6,2105.0
2021-03-25 19:45:00,61.58,61.59,61.58,61.59,470.0
2021-03-25 19:30:00,61.57,61.57,61.43,61.43,297.0
2021-03-25 19:15:00,61.4,61.4,61.4,61.4,777.0
2021-03-25 19:00:00,61.25,61.35,61.25,61.35,740.0
2021-03-25 18:45:00,61.2,61.4,61.2,61.4,200.0
2021-03-25 18:30:00,61.34,61.34,61.25,61.25,951.0
2021-03-25 18:15:00,61.35,61.35,61.26,61.26,324.0
2021-03-25 18:00:00,61.48,61.5,61.48,61.5,2191.0
2021-03-25 17:30:00,61.2,61.5,61.2,61.4,711.0
2021-03-25 17:15:00,61.5,61.5,61.5,61.5,100.0
2021-03-25 16:30:00,61.08,61.35,61.08,61.35,428.0
2021-03-25 16:15:00,61.16,61.35,61.16,61.35,62417.0
2021-03-25 16:00:00,61.39,61.44,61.05,61.21,1197348.0
2021-03-25 15:45:00,61.38,61.54,61.17,61.39,544902.0
2021-03-25 15:30:00,61.35,61.61,61.29,61.385,462040.0
2021-03-25 15:15:00,61.28,61.558,61.18,61.34,437794.0
2021-03-25 15:00:00,61.09,61.35,61.04,61.28,608408.0
2021-03-25 14:45:00,60.28,61.1724,60.2601,61.08,438599.0
2021-03-25 14:30:00,60.73,60.83,60.225,60.26,430826.0
2021-03-25 14:15:00,60.73,60.88,60.51,60.72,436477.0
2021-03-25 14:00:00,60.92,61.12,60.7,60.75,568537.0
2021-03-25 13:45:00,61.1,61.23,60.725,60.94,514659.0
2021-03-25 13:30:00,61.55,61.64,61.0,61.09,347094.0
2021-03-25 13:15:00,61.485,61.64,61.3,61.54,521037.0
2021-03-25 13:00:00,61.68,62.01,61.48,61.48,827810.0
2021-03-25 12:45:00,61.69,61.83,61.47,61.68,658227.0
2021-03-25 12:30:00,61.32,61.84,61.31,61.68,739204.0
2021-03-25 12:15:00,61.05,61.47,60.94,61.31,643420.0
2021-03-25 12:00:00,60.23,61.09,60.21,61.0699,505357.0
2021-03-25 11:45:00,60.3,60.7499,60.23,60.2468,543024.0
2021-03-25 11:30:00,60.11,60.34,59.87,60.31,503521.0
2021-03-25 11:15:00,59.96,60.32,59.72,60.12,795933.0
2021-03-25 11:00:00,60.55,60.64,59.66,59.965,1018701.0
2021-03-25 10:45:00,60.685,60.84,60.36,60.55,621163.0
2021-03-25 10:30:00,60.96,61.42,60.69,60.6999,851941.0
2021-03-25 10:15:00,60.75,61.3092,60.5006,61.0,760901.0
2021-03-25 10:00:00,60.97,61.23,60.28,60.75,1114634.0
2021-03-25 09:45:00,60.2,61.35,59.57,60.985,1942338.0
2021-03-25 09:30:00,60.2,60.75,60.03,60.05,46697.0
2021-03-25 09:15:00,60.39,60.55,60.3,60.3,36594.0
2021-03-25 09:00:00,60.49,60.5,60.2,60.395,19320.0
2021-03-25 08:45:00,60.71,60.9,60.5,60.5,15828.0
2021-03-25 08:30:00,60.79,60.85,60.72,60.72,14314.0
2021-03-25 08:15:00,62.25,62.45,60.25,60.76,63575.0
2021-03-25 08:00:00,61.56,61.56,61.03,61.03,13511.0
2021-03-25 07:45:00,61.94,61.94,61.6,61.6,4691.0
2021-03-25 07:30:00,62.16,62.16,61.97,61.97,1201.0
2021-03-25 07:15:00,62.26,62.26,62.1,62.15,3277.0
2021-03-25 05:30:00,62.5,62.5,62.5,62.5,423.0
2021-03-25 05:15:00,62.52,62.52,62.52,62.52,549.0
2021-03-25 05:00:00,62.54,62.54,62.47,62.47,646.0
2021-03-24 20:00:00,61.92,61.92,61.9,61.9,12119.0
2021-03-24 19:45:00,62.05,62.05,61.95,61.95,3406.0
2021-03-24 19:30:00,62.01,62.05,62.01,62.05,2912.0
2021-03-24 19:15:00,62.06,62.1,62.01,62.01,1729.0
2021-03-24 19:00:00,62.09,62.09,62.09,62.09,239.0
2021-03-24 18:45:00,62.15,62.15,62.09,62.09,700.0
2021-03-24 18:30:00,62.09,62.09,62.09,62.09,400.0
2021-03-24 18:00:00,62.06,62.06,62.06,62.06,106.0
2021-03-24 17:45:00,62.19,62.19,62.19,62.19,456.0
2021-03-24 17:30:00,62.03,62.2,62.03,62.2,1708.0
2021-03-24 17:15:00,62.14,62.15,62.14,62.15,5819.0
2021-03-24 17:00:00,62.14,62.15,62.03,62.03,1425.0
2021-03-24 16:45:00,62.1,62.1,62.1,62.1,1521.0
2021-03-24 16:30:00,62.06,64.27,62.03,62.03,47897.0
2021-03-24 16:15:00,62.1,62.1,62.02,62.06,375189.0
2021-03-24 16:00:00,62.44,62.61,62.05,62.07,1636496.0
2021-03-24 15:45:00,62.7,62.74,62.27,62.453,818511.0
2021-03-24 15:30:00,63.03,63.04,62.69,62.7,598775.0
2021-03-24 15:15:00,62.95,63.14,62.78,63.0357,499674.0
2021-03-24 15:00:00,63.06,63.37,62.94,62.96,440317.0
2021-03-24 14:45:00,63.41,63.48,63.045,63.07,399274.0
2021-03-24 14:30:00,63.5,63.8,63.42,63.42,453062.0
2021-03-24 14:15:00,63.57,63.76,63.38,63.52,608740.0
2021-03-24 14:00:00,63.04,63.57,63.04,63.57,408129.0
2021-03-24 13:45:00,63.16,63.39,63.015,63.05,425588.0
2021-03-24 13:30:00,62.7,63.23,62.58,63.17,445531.0
2021-03-24 13:15:00,63.02,63.03,62.64,62.7062,449301.0
2021-03-24 13:00:00,63.31,63.31,62.84,63.02,460946.0
2021-03-24 12:45:00,63.24,63.34,63.05,63.32,270368.0
2021-03-24 12:30:00,63.26,63.498,63.1,63.25,491386.0
2021-03-24 12:15:00,63.1,63.2876,62.93,63.25,349575.0
2021-03-24 12:00:00,63.3682,63.44,62.94,63.11,461113.0
2021-03-24 11:45:00,63.6,63.6,63.1799,63.3701,513163.0
2021-03-24 11:30:00,63.7,63.72,63.4,63.58,428708.0
2021-03-24 11:15:00,63.98,64.15,63.66,63.68,399919.0
2021-03-24 11:00:00,63.57,64.18,63.5,63.97,448755.0
2021-03-24 10:45:00,63.72,63.8099,63.47,63.5654,440091.0
2021-03-24 10:30:00,63.89,63.93,63.4,63.75,563901.0
2021-03-24 10:15:00,63.69,64.23,63.69,63.88,594946.0
2021-03-24 10:00:00,64.205,64.29,63.42,63.7,502263.0
2021-03-24 09:45:00,64.95,64.95,63.9,64.22,693632.0
2021-03-24 09:30:00,64.65,64.85,64.62,64.62,3077.0
2021-03-24 09:15:00,64.91,64.95,64.62,64.64,8890.0
2021-03-24 09:00:00,64.98,64.99,64.892,64.91,3625.0
2021-03-24 08:45:00,64.88,64.98,64.88,64.89,3181.0
2021-03-24 08:30:00,64.91,64.91,64.89,64.89,915.0
2021-03-24 08:15:00,64.8999,64.9799,64.69,64.9,6066.0
2021-03-24 08:00:00,64.89,64.9,64.89,64.9,1343.0
2021-03-24 07:45:00,64.91,64.91,64.88,64.88,330.0
2021-03-24 07:30:00,64.85,64.96,64.85,64.96,2157.0
2021-03-24 07:15:00,64.7,64.86,64.69,64.86,2014.0
2021-03-24 07:00:00,64.68,64.68,64.68,64.68,250.0
2021-03-24 06:15:00,64.67,64.67,64.67,64.67,250.0
2021-03-24 05:30:00,64.66,64.66,64.66,64.66,1989.0
2021-03-24 05:15:00,64.77,64.77,64.77,64.77,144.0
2021-03-24 04:30:00,64.27,64.67,64.27,64.67,693.0
2021-03-23 20:00:00,64.32,64.42,64.32,64.42,221.0
2021-03-23 19:45:00,64.42,64.42,64.42,64.42,197.0
2021-03-23 19:15:00,64.5,64.5,64.5,64.5,774.0
2021-03-23 18:45:00,64.41,64.45,64.41,64.45,423.0
2021-03-23 17:45:00,64.5,64.5,64.5,64.5,131.0
2021-03-23 17:30:00,64.49,64.49,64.49,64.49,496.0
2021-03-23 17:00:00,64.27,64.44,64.22,64.43,2033.0
2021-03-23 16:45:00,64.26,64.44,64.25,64.44,3151.0
2021-03-23 16:15:00,64.22,64.39,64.22,64.25,2746197.0
2021-03-23 16:00:00,64.34,64.42,64.14,64.27,1124340.0
2021-03-23 15:45:00,64.26,64.38,64.165,64.35,627211.0
2021-03-23 15:30:00,64.5946,64.62,64.18,64.27,603926.0
2021-03-23 15:15:00,64.55,64.78,64.46,64.59,492218.0
2021-03-23 15:00:00,64.94,65.02,64.5397,64.5468,469259.0
2021-03-23 14:45:00,64.84,65.046,64.83,64.95,380414.0
2021-03-23 14:30:00,64.795,64.92,64.57,64.8399,397136.0
2021-03-23 14:15:00,64.81,64.875,64.7,64.8065,251018.0
2021-03-23 14:00:00,64.86,64.9383,64.735,64.8,249732.0
2021-03-23 13:45:00,65.12,65.135,64.86,64.86,301604.0
2021-03-23 13:30:00,65.14,65.22,65.02,65.11,198970.0
2021-03-23 13:15:00,65.31,65.32,65.11,65.14,270923.0
2021-03-23 13:00:00,65.3495,65.3976,65.23,65.29,214696.0
2021-03-23 12:45:00,65.01,65.37,64.99,65.37,271237.0
2021-03-23 12:30:00,65.17,65.4,64.94,64.99,352236.0
2021-03-23 12:15:00,65.14,65.42,65.05,65.1994,385567.0
2021-03-23 12:00:00,64.97,65.14,64.92,65.14,366827.0
2021-03-23 11:45:00,65.06,65.1499,64.78,64.98,282177.0
2021-03-23 11:30:00,65.4,65.63,65.0435,65.065,486395.0
2021-03-23 11:15:00,65.4239,65.569,65.18,65.4,607052.0
2021-03-23 11:00:00,64.684,65.45,64.64,65.44,537698.0
2021-03-23 10:45:00,65.18,65.21,64.57,64.68,557603.0
2021-03-23 10:30:00,65.255,65.4099,65.05,65.18,465653.0
2021-03-23 10:15:00,64.545,65.35,64.47,65.275,620144.0
2021-03-23 10:00:00,65.045,65.16,64.11,64.555,706763.0
2021-03-23 09:45:00,65.15,65.47,64.85,65.02,614763.0
2021-03-23 09:30:00,65.01,65.1799,65.01,65.07,3030.0
2021-03-23 09:15:00,65.0,65.08,64.87,64.87,16522.0
2021-03-23 09:00:00,64.95,65.12,64.95,65.12,708.0
2021-03-23 08:45:00,64.9001,64.9101,64.9,64.9101,884.0
2021-03-23 08:30:00,65.0,65.18,65.0,65.18,393.0
2021-03-23 08:15:00,64.9501,65.11,64.9501,65.01,3325.0
2021-03-23 08:00:00,65.05,65.05,65.05,65.05,122.0
2021-03-23 07:45:00,65.0,65.01,65.0,65.01,280.0
2021-03-23 07:30:00,64.97,65.05,64.97,65.0,6749.0
2021-03-23 07:15:00,64.97,65.0,64.97,65.0,988.0
2021-03-23 07:00:00,64.63,64.63,64.63,64.63,100.0
2021-03-23 06:30:00,64.62,64.62,64.5,64.5,1280.0
2021-03-23 05:00:00,64.81,64.81,64.81,64.81,350.0
2021-03-23 04:15:00,65.0,65.0,65.0,65.0,188.0
2021-03-22 20:00:00,65.15,65.15,65.0,65.0,3641.0
2021-03-22 19:45:00,65.1,65.15,65.04,65.15,4174.0
2021-03-22 19:30:00,65.21,65.21,65.1,65.1,3243.0
2021-03-22 19:15:00,65.17,65.21,65.16,65.21,505.0
2021-03-22 19:00:00,65.18,65.23,65.18,65.23,727.0
2021-03-22 18:45:00,65.23,65.23,65.23,65.23,640.0
2021-03-22 18:30:00,65.25,65.25,65.23,65.23,2060.0
2021-03-22 18:15:00,65.22,65.25,65.16,65.25,13178.0
2021-03-22 18:00:00,65.22,65.22,65.21,65.21,3247.0
2021-03-22 17:45:00,65.21,65.22,65.21,65.22,414.0
2021-03-22 17:15:00,65.2,65.21,65.2,65.21,966.0
2021-03-22 17:00:00,65.2,65.2,65.15,65.2,1951.0
2021-03-22 16:30:00,65.21,65.3,65.21,65.21,5094.0
2021-03-22 16:15:00,65.31,65.36,65.15,65.3,1449089.0
2021-03-22 16:00:00,65.355,65.42,65.19,65.21,1523650.0
2021-03-22 15:45:00,65.12,65.44,65.12,65.355,704794.0
2021-03-22 15:30:00,65.305,65.345,65.0222,65.125,574903.0
2021-03-22 15:15:00,65.23,65.48,65.22,65.31,551998.0
2021-03-22 15:00:00,65.12,65.26,65.0057,65.235,463730.0
2021-03-22 14:45:00,65.18,65.3098,65.01,65.13,461945.0
2021-03-22 14:30:00,65.27,65.34,65.155,65.17,349097.0
2021-03-22 14:15:00,65.28,65.37,65.05,65.27,437336.0
2021-03-22 14:00:00,65.21,65.28,65.08,65.278,476861.0
2021-03-22 13:45:00,64.4747,65.24,64.47,65.21,451550.0
2021-03-22 13:30:00,64.58,64.69,64.46,64.48,339754.0
2021-03-22 13:15:00,64.81,64.8968,64.55,64.5799,318829.0
2021-03-22 13:00:00,64.725,64.9,64.62,64.81,348045.0
2021-03-22 12:45:00,64.925,65.27,64.66,64.73,556760.0
2021-03-22 12:30:00,64.4702,64.93,64.35,64.93,890182.0
2021-03-22 12:15:00,64.6,64.71,64.43,64.46,676806.0
2021-03-22 12:00:00,64.68,64.845,64.54,64.6,957716.0
2021-03-22 11:45:00,65.135,65.18,64.6499,64.68,993583.0
2021-03-22 11:30:00,65.19,65.4,65.09,65.1398,653325.0
2021-03-22 11:15:00,65.32,65.41,65.07,65.185,767362.0
2021-03-22 11:00:00,65.51,65.83,65.29,65.3,568936.0
2021-03-22 10:45:00,65.49,65.57,65.21,65.52,393248.0
2021-03-22 10:30:00,65.46,65.63,65.26,65.5,434772.0
2021-03-22 10:15:00,66.06,66.18,65.3,65.45,499902.0
2021-03-22 10:00:00,65.94,66.51,65.8,66.04,437538.0
2021-03-22 09:45:00,66.89,66.89,65.82,65.95,721053.0
2021-03-22 09:30:00,66.78,66.86,66.46,66.46,8245.0
2021-03-22 09:15:00,66.69,66.87,66.68,66.7406,6515.0
2021-03-22 09:00:00,66.59,66.74,66.44,66.61,5295.0
2021-03-22 08:45:00,66.64,66.67,66.64,66.67,2008.0
2021-03-22 08:30:00,66.64,66.64,66.58,66.64,2237.0
2021-03-22 08:15:00,66.7001,67.02,66.6,66.6499,13839.0
2021-03-22 08:00:00,66.84,66.85,66.8,66.8,6142.0
2021-03-22 07:45:00,66.84,66.84,66.84,66.84,310.0
2021-03-22 07:30:00,66.84,66.84,66.84,66.84,234.0
2021-03-22 07:15:00,66.67,66.85,66.67,66.85,1415.0
2021-03-22 07:00:00,66.74,66.74,66.74,66.74,312.0
2021-03-22 05:30:00,66.65,66.65,66.65,66.65,200.0
2021-03-22 04:45:00,66.92,66.94,66.6,66.6,750.0
2021-03-22 04:30:00,66.93,66.95,66.92,66.92,657.0
2021-03-22 04:15:00,66.59,66.92,66.59,66.92,1050.0
2021-03-19 20:00:00,65.9,66.15,65.81,66.15,3411.0
2021-03-19 19:45:00,65.82,66.05,65.82,65.89,5037.0
2021-03-19 18:30:00,66.19,66.19,66.0,66.0,1258.0
2021-03-19 18:15:00,66.19,66.19,66.19,66.19,118.0
2021-03-19 18:00:00,66.17,66.17,66.0,66.0,1170.0
2021-03-19 17:45:00,66.19,66.23,66.17,66.17,4901.0
2021-03-19 17:30:00,66.18,66.19,66.17,66.17,872.0
2021-03-19 17:15:00,66.19,66.19,66.15,66.15,2377.0
2021-03-19 17:00:00,66.19,66.19,66.19,66.19,350.0
2021-03-19 16:45:00,66.17,66.23,66.17,66.17,2095.0
2021-03-19 16:30:00,65.95,66.19,65.95,66.19,2737.0
2021-03-19 16:15:00,66.26,66.3,65.96,66.23,692132.0
2021-03-19 16:00:00,66.485,66.61,66.2,66.2399,2006785.0
2021-03-19 15:45:00,66.67,66.71,66.43,66.4899,628348.0
2021-03-19 15:30:00,66.655,66.79,66.61,66.67,382203.0
2021-03-19 15:15:00,66.77,66.8394,66.59,66.6485,338051.0
2021-03-19 15:00:00,66.74,66.78,66.56,66.77,247671.0
2021-03-19 14:45:00,66.41,66.78,66.41,66.73,473994.0
2021-03-19 14:30:00,66.36,66.52,66.19,66.4,391673.0
2021-03-19 14:15:00,66.37,66.42,66.175,66.36,337681.0
2021-03-19 14:00:00,66.16,66.42,66.1302,66.355,251104.0
2021-03-19 13:45:00,66.23,66.26,65.91,66.1501,310338.0
2021-03-19 13:30:00,66.1999,66.3,66.1,66.23,298117.0
2021-03-19 13:15:00,66.4501,66.49,66.07,66.19,273699.0
2021-03-19 13:00:00,66.39,66.52,66.37,66.47,267331.0
2021-03-19 12:45:00,66.17,66.47,66.15,66.37,228312.0
2021-03-19 12:30:00,66.27,66.405,66.16,66.17,237280.0
2021-03-19 12:15:00,66.4,66.55,66.22,66.27,213579.0
2021-03-19 12:00:00,66.33,66.55,66.25,66.39,462866.0
2021-03-19 11:45:00,66.325,66.47,66.21,66.35,174537.0
2021-03-19 11:30:00,66.48,66.63,66.0501,66.328,282812.0
2021-03-19 11:15:00,66.575,66.76,66.31,66.49,364531.0
2021-03-19 11:00:00,66.61,66.76,66.27,66.56,372880.0
2021-03-19 10:45:00,66.23,66.68,65.97,66.63,674157.0
2021-03-19 10:30:00,66.28,66.47,66.01,66.22,541329.0
2021-03-19 10:15:00,66.66,66.715,65.77,66.27,632746.0
2021-03-19 10:00:00,66.35,67.05,66.11,66.69,851719.0
2021-03-19 09:45:00,67.11,67.11,66.045,66.32,1899372.0
2021-03-19 09:30:00,67.12,67.28,66.95,67.25,13130.0
2021-03-19 09:15:00,67.72,67.72,67.0,67.15,15789.0
2021-03-19 09:00:00,67.55,67.69,67.55,67.69,4517.0
2021-03-19 08:45:00,67.52,67.66,67.52,67.66,5073.0
2021-03-19 08:30:00,67.66,67.87,67.46,67.51,5398.0
2021-03-19 08:15:00,67.7899,67.89,67.51,67.61,6551.0
2021-03-19 08:00:00,67.66,67.69,67.66,67.69,970.0
2021-03-19 07:45:00,67.49,67.65,67.49,67.63,4155.0
2021-03-19 07:30:00,67.64,67.65,67.4,67.5,2835.0
2021-03-19 07:15:00,67.8,67.8,67.69,67.75,1543.0
2021-03-19 07:00:00,67.93,67.93,67.93,67.93,200.0
2021-03-19 06:45:00,67.93,67.93,67.93,67.93,300.0
2021-03-19 06:30:00,67.92,68.06,67.92,68.05,17041.0
2021-03-19 06:15:00,67.93,68.0,67.75,67.92,6420.0
2021-03-19 06:00:00,68.03,68.05,67.9,68.0,5048.0
2021-03-19 05:30:00,67.55,67.55,67.55,67.55,200.0
2021-03-19 05:00:00,67.64,67.65,67.64,67.65,457.0
2021-03-19 04:45:00,67.69,67.69,67.69,67.69,389.0
2021-03-19 04:30:00,67.6,67.78,67.6,67.78,650.0
2021-03-18 20:00:00,66.72,66.74,66.62,66.62,4272.0
2021-03-18 19:45:00,66.8,66.84,66.75,66.75,2086.0
2021-03-18 19:30:00,66.8,66.8,66.8,66.8,300.0
2021-03-18 19:15:00,66.8999,66.9,66.89,66.89,1862.0
2021-03-18 19:00:00,66.9,66.9,66.9,66.9,459.0
2021-03-18 18:45:00,66.95,66.95,66.92,66.95,3039.0
2021-03-18 18:30:00,66.83,66.83,66.83,66.83,615.0
2021-03-18 18:15:00,66.96,66.96,66.96,66.96,347.0
2021-03-18 18:00:00,66.71,66.9,66.71,66.9,771.0
2021-03-18 17:45:00,66.81,66.99,66.75,66.99,151276.0
2021-03-18 17:30:00,66.79,66.79,66.75,66.75,2010.0
2021-03-18 17:15:00,66.64,66.82,66.64,66.82,1889.0
2021-03-18 17:00:00,66.89,66.89,66.62,66.62,4768.0
2021-03-18 16:45:00,66.83,66.9,66.66,66.71,80133.0
2021-03-18 16:30:00,66.83,66.83,66.72,66.82,3207.0
2021-03-18 16:15:00,66.71,67.14,66.71,67.14,231599.0
2021-03-18 16:00:00,66.9,66.97,66.68,66.72,1606459.0
2021-03-18 15:45:00,67.565,67.6,66.841,66.9,868628.0
2021-03-18 15:30:00,67.52,67.56,67.27,67.56,518352.0
2021-03-18 15:15:00,67.5,67.67,67.28,67.515,509887.0
2021-03-18 15:00:00,67.3657,67.6206,67.27,67.5265,554253.0
2021-03-18 14:45:00,67.8,67.96,67.27,67.39,465937.0
2021-03-18 14:30:00,68.18,68.22,67.79,67.79,352231.0
2021-03-18 14:15:00,68.56,68.58,68.06,68.1965,297407.0
2021-03-18 14:00:00,68.48,68.5999,68.32,68.5699,223490.0
2021-03-18 13:45:00,68.5,68.53,68.28,68.48,221130.0
2021-03-18 13:30:00,68.36,68.57,68.31,68.49,168406.0
2021-03-18 13:15:00,68.135,68.5,68.085,68.37,312939.0
2021-03-18 13:00:00,68.91,68.95,68.1,68.1529,505891.0
2021-03-18 12:45:00,69.0,69.03,68.85,68.92,240332.0
2021-03-18 12:30:00,69.0405,69.09,68.75,68.99,236497.0
2021-03-18 12:15:00,68.828,69.06,68.74,69.06,171537.0
2021-03-18 12:00:00,69.11,69.17,68.62,68.82,225712.0
2021-03-18 11:45:00,69.16,69.185,68.88,69.1,222595.0
2021-03-18 11:30:00,68.84,69.2,68.78,69.15,351027.0
2021-03-18 11:15:00,69.21,69.4199,68.83,68.8699,248444.0
2021-03-18 11:00:00,69.44,69.46,69.1,69.2033,437242.0
2021-03-18 10:45:00,69.49,69.9,69.27,69.45,475237.0
2021-03-18 10:30:00,68.91,69.54,68.8,69.5,353618.0
2021-03-18 10:15:00,69.545,69.65,68.68,68.91,588869.0
2021-03-18 10:00:00,68.86,69.62,68.555,69.53,615347.0
2021-03-18 09:45:00,69.21,69.56,68.76,68.87,787831.0
2021-03-18 09:30:00,69.29,69.62,69.22,69.62,5141.0
2021-03-18 09:15:00,69.34,69.49,69.25,69.29,20298.0
2021-03-18 09:00:00,69.3,69.46,69.3,69.46,4885.0
2021-03-18 08:45:00,69.35,69.39,69.32,69.32,2367.0
2021-03-18 08:30:00,69.36,69.36,69.27,69.28,1993.0
2021-03-18 08:15:00,69.41,69.66,69.1124,69.3301,8882.0
2021-03-18 08:00:00,69.1,69.25,69.1,69.25,730.0
2021-03-18 07:45:00,69.42,69.46,69.0,69.21,10632.0
2021-03-18 07:30:00,69.4,69.41,69.4,69.41,1326.0
2021-03-18 07:15:00,69.51,69.55,69.5,69.55,1433.0
2021-03-18 06:45:00,69.69,69.97,69.66,69.78,2797.0
2021-03-18 06:00:00,69.5,69.5,69.5,69.5,500.0
2021-03-18 05:00:00,69.52,69.52,69.52,69.52,235.0
2021-03-18 04:30:00,69.89,69.89,69.89,69.89,434.0
2021-03-18 04:15:00,69.68,70.0,69.68,70.0,547.0
2021-03-17 20:00:00,70.28,70.5,70.28,70.5,2103.0
2021-03-17 19:45:00,70.4,70.4,70.28,70.34,2042.0
2021-03-17 19:30:00,70.3,70.38,70.3,70.38,573.0
2021-03-17 19:15:00,70.3,70.3,70.3,70.3,400.0
2021-03-17 19:00:00,70.2501,70.2501,70.2501,70.2501,1422.0
2021-03-17 18:45:00,70.31,70.35,70.26,70.32,1261.0
2021-03-17 18:30:00,70.27,70.27,70.27,70.27,102.0
2021-03-17 18:15:00,70.22,70.45,70.21,70.45,3638.0
2021-03-17 18:00:00,70.21,70.21,70.21,70.21,401.0
2021-03-17 17:45:00,70.22,70.25,70.22,70.25,619.0
2021-03-17 17:30:00,70.26,70.4899,70.26,70.4899,4369.0
2021-03-17 17:15:00,70.22,70.26,70.22,70.26,1985.0
2021-03-17 17:00:00,70.21,70.21,70.2,70.2,3231.0
2021-03-17 16:45:00,70.2,70.23,70.2,70.23,1212.0
2021-03-17 16:30:00,70.32,70.32,70.21,70.21,957.0
2021-03-17 16:15:00,70.2,70.2,70.12,70.2,45114.0
2021-03-17 16:00:00,69.9299,70.23,69.74,70.21,972532.0
2021-03-17 15:45:00,70.245,70.44,69.88,69.915,521948.0
2021-03-17 15:30:00,70.5,70.54,70.14,70.24,381414.0
2021-03-17 15:15:00,70.39,70.82,70.35,70.5,580027.0
2021-03-17 15:00:00,70.21,70.39,70.01,70.3749,505096.0
2021-03-17 14:45:00,69.18,70.24,69.02,70.225,423306.0
2021-03-17 14:30:00,70.12,70.15,69.2,69.22,431478.0
2021-03-17 14:15:00,68.85,70.25,68.85,70.125,733012.0
2021-03-17 14:00:00,69.12,69.1225,68.58,68.84,274418.0
2021-03-17 13:45:00,69.06,69.23,68.9462,69.09,234938.0
2021-03-17 13:30:00,69.07,69.1699,68.96,69.05,205591.0
2021-03-17 13:15:00,68.68,69.09,68.625,69.07,182126.0
2021-03-17 13:00:00,68.64,68.87,68.6,68.68,149049.0
2021-03-17 12:45:00,69.005,69.005,68.62,68.63,217060.0
2021-03-17 12:30:00,68.7,69.13,68.64,69.005,353609.0
2021-03-17 12:15:00,68.6725,68.765,68.27,68.66,354603.0
2021-03-17 12:00:00,68.61,68.93,68.515,68.6729,777012.0
2021-03-17 11:45:00,68.66,68.82,68.57,68.61,369553.0
2021-03-17 11:30:00,68.66,68.83,68.55,68.68,260854.0
2021-03-17 11:15:00,68.48,68.93,68.235,68.66,490329.0
2021-03-17 11:00:00,68.09,68.55,68.01,68.51,430968.0
2021-03-17 10:45:00,68.51,68.89,68.05,68.08,509650.0
2021-03-17 10:30:00,68.1791,68.65,68.07,68.53,587881.0
2021-03-17 10:15:00,67.96,68.29,67.83,68.1999,393791.0
2021-03-17 10:00:00,67.52,68.18,67.025,67.95,544748.0
2021-03-17 09:45:00,68.32,68.52,66.96,67.52,1101346.0
2021-03-17 09:30:00,68.4,69.2812,68.23,68.45,11939.0
2021-03-17 09:15:00,68.18,68.4,68.06,68.4,5303.0
2021-03-17 09:00:00,68.1,68.12,67.94,68.06,2722.0
2021-03-17 08:45:00,67.76,67.98,67.76,67.98,10184.0
2021-03-17 08:30:00,68.0101,68.12,67.98,67.98,5346.0
2021-03-17 08:15:00,68.2601,68.77,67.6,67.97,29641.0
2021-03-17 08:00:00,67.97,67.97,67.85,67.85,464.0
2021-03-17 07:45:00,68.25,68.25,67.6,68.01,10093.0
2021-03-17 07:30:00,68.59,68.59,68.4,68.4,2457.0
2021-03-17 07:15:00,68.7,68.7,68.7,68.7,944.0
2021-03-17 06:45:00,68.63,68.72,68.51,68.51,1042.0
2021-03-17 06:30:00,68.68,68.68,68.13,68.13,1300.0
2021-03-17 06:15:00,68.73,68.85,68.03,68.03,2205.0
2021-03-17 06:00:00,69.0,69.0,68.87,68.87,542.0
2021-03-17 04:30:00,69.4,69.44,69.36,69.36,990.0
2021-03-17 04:15:00,68.7,68.7,68.7,68.7,100.0
2021-03-16 20:00:00,69.36,69.38,69.36,69.36,3058.0
2021-03-16 19:45:00,69.35,69.56,69.3,69.36,1954.0
2021-03-16 19:15:00,69.59,69.59,69.59,69.59,1782.0
2021-03-16 19:00:00,69.37,69.45,69.37,69.45,1039.0
2021-03-16 18:45:00,69.26,69.37,69.26,69.37,301.0
2021-03-16 18:30:00,69.3,69.3,69.3,69.3,342.0
2021-03-16 18:15:00,69.19,69.29,69.15,69.29,1889.0
2021-03-16 18:00:00,69.2,69.28,69.2,69.28,870.0
2021-03-16 17:45:00,69.15,69.15,69.15,69.15,286.0
2021-03-16 17:30:00,69.05,69.05,69.05,69.05,218.0
2021-03-16 17:15:00,69.2,69.2,69.04,69.04,2832.0
2021-03-16 17:00:00,69.19,69.19,69.19,69.19,1298.0
2021-03-16 16:45:00,69.04,69.25,69.02,69.25,1068.0
2021-03-16 16:30:00,69.35,69.35,69.25,69.25,1546.0
2021-03-16 16:15:00,69.25,69.5,68.83,69.47,123420.0
2021-03-16 16:00:00,69.58,69.7,69.14,69.27,1133714.0
2021-03-16 15:45:00,69.47,69.8,69.47,69.575,561563.0
2021-03-16 15:30:00,69.41,69.67,69.35,69.46,473023.0
2021-03-16 15:15:00,69.1,69.44,69.01,69.41,312552.0
2021-03-16 15:00:00,68.61,69.23,68.59,69.11,409578.0
2021-03-16 14:45:00,69.0053,69.28,68.57,68.6,700849.0
2021-03-16 14:30:00,69.74,69.855,68.98,69.02,500404.0
2021-03-16 14:15:00,70.1399,70.2,69.61,69.77,284117.0
2021-03-16 14:00:00,70.2,70.45,70.07,70.14,357527.0
2021-03-16 13:45:00,69.88,70.32,69.73,70.21,643810.0
2021-03-16 13:30:00,70.0,70.08,69.87,69.87,169146.0
2021-03-16 13:15:00,69.9,70.2,69.84,70.015,304971.0
2021-03-16 13:00:00,69.59,69.92,69.52,69.89,266216.0
2021-03-16 12:45:00,69.49,69.7,69.41,69.59,442695.0
2021-03-16 12:30:00,70.035,70.2065,69.41,69.49,623789.0
2021-03-16 12:15:00,70.54,70.7796,70.01,70.04,317387.0
2021-03-16 12:00:00,70.68,70.78,70.42,70.57,246336.0
2021-03-16 11:45:00,70.735,71.19,70.64,70.69,389440.0
2021-03-16 11:30:00,70.49,70.9198,70.4794,70.725,259047.0
2021-03-16 11:15:00,70.87,70.91,70.395,70.48,429675.0
2021-03-16 11:00:00,71.06,71.17,70.86,70.86,336018.0
2021-03-16 10:45:00,70.93,71.3,70.812,71.07,412662.0
2021-03-16 10:30:00,70.68,70.91,70.37,70.9,405576.0
2021-03-16 10:15:00,70.66,70.84,70.44,70.67,487929.0
2021-03-16 10:00:00,71.535,71.86,70.36,70.64,845153.0
2021-03-16 09:45:00,71.07,71.73,70.45,71.57,1097424.0
2021-03-16 09:30:00,71.18,71.48,71.08,71.2,5004.0
2021-03-16 09:15:00,71.1099,71.2327,71.0,71.17,14306.0
2021-03-16 09:00:00,71.19,71.33,71.05,71.1,8378.0
2021-03-16 08:45:00,71.59,71.69,71.18,71.3,16522.0
2021-03-16 08:30:00,71.29,71.55,71.29,71.55,7022.0
2021-03-16 08:15:00,71.3501,71.49,71.15,71.3,13737.0
2021-03-16 08:00:00,71.25,71.52,71.25,71.41,3667.0
2021-03-16 07:45:00,71.25,71.35,71.25,71.29,2307.0
2021-03-16 07:30:00,71.23,71.28,71.06,71.27,4600.0
2021-03-16 07:15:00,71.51,71.51,71.01,71.24,20099.0
2021-03-16 07:00:00,71.85,71.85,71.85,71.85,594.0
2021-03-16 06:45:00,71.39,71.4,71.39,71.4,1445.0
2021-03-16 06:15:00,71.6,71.7,71.6,71.7,582.0
2021-03-16 06:00:00,70.95,71.01,70.95,70.99,1188.0
2021-03-16 05:45:00,70.62,70.62,70.62,70.62,1462.0
2021-03-16 04:45:00,70.56,70.56,70.56,70.56,400.0
2021-03-16 04:30:00,70.49,70.49,70.49,70.49,10359.0
2021-03-16 04:15:00,70.35,70.35,70.35,70.35,241.0
2021-03-15 20:00:00,70.13,70.19,70.0,70.0,2444.0
2021-03-15 19:15:00,70.33,70.33,70.06,70.2,778.0
2021-03-15 18:45:00,70.2,70.2,70.02,70.02,1615.0
2021-03-15 18:30:00,70.2,70.2,70.15,70.15,1668.0
2021-03-15 18:15:00,70.27,70.27,70.2,70.2,1587.0
2021-03-15 17:45:00,70.22,70.22,70.22,70.22,104.0
2021-03-15 17:30:00,70.12,70.12,70.12,70.12,189.0
2021-03-15 17:15:00,70.19,70.19,70.15,70.15,1315.0
2021-03-15 16:45:00,70.31,70.4,70.3,70.4,2719.0
2021-03-15 16:30:00,70.25,70.44,70.25,70.3,8406.0
2021-03-15 16:15:00,70.48,70.48,70.25,70.25,452864.0
2021-03-15 16:00:00,70.21,70.42,70.17,70.29,1325170.0
2021-03-15 15:45:00,69.9,70.245,69.9,70.21,449959.0
2021-03-15 15:30:00,70.09,70.13,69.8,69.895,393126.0
2021-03-15 15:15:00,70.24,70.25,70.03,70.09,342584.0
2021-03-15 15:00:00,70.29,70.43,70.2,70.2301,383814.0
2021-03-15 14:45:00,70.27,70.39,70.21,70.31,394176.0
2021-03-15 14:30:00,70.28,70.49,70.21,70.25,521414.0
2021-03-15 14:15:00,70.007,70.3787,69.88,70.265,759372.0
2021-03-15 14:00:00,69.94,70.26,69.8745,70.01,692251.0
2021-03-15 13:45:00,69.42,69.99,69.4005,69.95,630381.0
2021-03-15 13:30:00,69.39,69.56,69.321,69.445,204028.0
2021-03-15 13:15:00,69.63,69.65,69.3538,69.395,308108.0
2021-03-15 13:00:00,69.08,69.66,69.0602,69.63,461733.0
2021-03-15 12:45:00,68.73,69.09,68.7,69.08,220110.0
2021-03-15 12:30:00,68.9701,69.0299,68.66,68.75,196597.0
2021-03-15 12:15:00,68.7,69.11,68.665,68.985,256091.0
2021-03-15 12:00:00,68.735,68.97,68.612,68.74,310293.0
2021-03-15 11:45:00,68.595,68.8199,68.2801,68.749,498897.0
2021-03-15 11:30:00,69.19,69.24,68.55,68.5864,462239.0
2021-03-15 11:15:00,69.64,69.92,69.152,69.18,930234.0
2021-03-15 11:00:00,68.32,69.64,68.29,69.6165,977155.0
2021-03-15 10:45:00,68.46,68.63,67.98,68.32,456527.0
2021-03-15 10:30:00,68.19,68.73,68.08,68.44,692060.0
2021-03-15 10:15:00,67.69,68.33,67.56,68.21,481805.0
2021-03-15 10:00:00,67.6018,67.8,67.19,67.705,483983.0
2021-03-15 09:45:00,68.24,68.31,67.18,67.6099,717811.0
2021-03-15 09:30:00,68.38,68.58,68.0,68.0,60304.0
2021-03-15 09:15:00,68.17,68.34,68.17,68.34,3758.0
2021-03-15 09:00:00,68.0221,68.0999,68.0,68.01,3466.0
2021-03-15 08:45:00,68.06,68.19,68.06,68.07,476.0
2021-03-15 08:30:00,68.02,68.1,68.02,68.1,22024.0
2021-03-15 08:15:00,68.71,68.81,67.9031,68.05,35473.0
2021-03-15 08:00:00,68.53,68.53,68.38,68.38,1999.0
2021-03-15 07:45:00,68.55,68.55,68.55,68.55,405.0
2021-03-15 07:30:00,68.75,68.75,68.69,68.7,5514.0
2021-03-15 07:15:00,68.71,68.8,68.71,68.75,751.0
2021-03-15 06:00:00,68.92,68.92,68.92,68.92,253.0
2021-03-12 20:00:00,68.32,68.5,68.32,68.32,4259.0
2021-03-12 19:45:00,68.4,68.42,68.3,68.3,1986.0
2021-03-12 19:30:00,68.4,68.4,68.3,68.31,1510.0
2021-03-12 18:45:00,68.26,68.26,68.26,68.26,200.0
2021-03-12 18:15:00,68.3,68.3,68.23,68.25,3466.0
2021-03-12 18:00:00,68.1,68.23,68.1,68.23,3396.0
2021-03-12 17:45:00,68.0001,68.1,68.0001,68.1,1596.0
2021-03-12 17:15:00,68.01,68.01,68.01,68.01,518.0
2021-03-12 16:45:00,68.03,68.08,68.0,68.01,703.0
2021-03-12 16:30:00,68.13,68.13,68.13,68.13,214.0
2021-03-12 16:15:00,68.08,68.13,68.07,68.13,57537.0
2021-03-12 16:00:00,67.95,68.145,67.9378,68.1,1213972.0
2021-03-12 15:45:00,67.62,68.09,67.62,67.95,512940.0
2021-03-12 15:30:00,67.37,67.765,67.36,67.61,390169.0
2021-03-12 15:15:00,67.36,67.425,67.23,67.37,299161.0
2021-03-12 15:00:00,67.44,67.62,67.33,67.35,509743.0
2021-03-12 14:45:00,67.4,67.45,67.23,67.4401,475985.0
2021-03-12 14:30:00,67.44,67.48,67.17,67.41,410215.0
2021-03-12 14:15:00,67.63,67.67,67.39,67.45,362104.0
2021-03-12 14:00:00,67.93,67.93,67.6,67.63,209442.0
2021-03-12 13:45:00,67.89,68.06,67.8699,67.94,188753.0
2021-03-12 13:30:00,68.14,68.17,67.8623,67.91,295236.0
2021-03-12 13:15:00,67.82,68.29,67.82,68.125,325342.0
2021-03-12 13:00:00,68.54,68.56,67.79,67.84,361034.0
2021-03-12 12:45:00,68.0327,68.815,68.01,68.54,936943.0
2021-03-12 12:30:00,67.88,68.09,67.78,68.055,399371.0
2021-03-12 12:15:00,67.52,67.94,67.3335,67.9,380060.0
2021-03-12 12:00:00,67.71,67.82,67.44,67.52,325955.0
2021-03-12 11:45:00,67.3,67.71,67.13,67.67,391797.0
2021-03-12 11:30:00,67.32,67.63,67.27,67.31,452262.0
2021-03-12 11:15:00,67.42,67.51,67.17,67.33,416289.0
2021-03-12 11:00:00,67.95,68.03,67.18,67.42,574457.0
2021-03-12 10:45:00,67.69,68.12,67.67,67.96,607585.0
2021-03-12 10:30:00,68.25,68.45,67.45,67.69,796175.0
2021-03-12 10:15:00,68.095,68.37,67.85,68.25,798525.0
2021-03-12 10:00:00,67.52,68.18,67.03,68.095,560763.0
2021-03-12 09:45:00,67.72,67.72,66.6448,67.47,932142.0
2021-03-12 09:30:00,67.28,68.1,67.27,67.77,11226.0
2021-03-12 09:15:00,67.521,67.96,67.1,67.4,20814.0
2021-03-12 09:00:00,67.7,68.27,67.63,67.75,17250.0
2021-03-12 08:45:00,67.69,67.91,67.66,67.7,9934.0
2021-03-12 08:30:00,67.69,67.81,67.5332,67.5332,9862.0
2021-03-12 08:15:00,66.88,67.71,66.68,67.7,12919.0
2021-03-12 08:00:00,67.6,67.62,67.5,67.54,2716.0
2021-03-12 07:45:00,67.66,67.68,67.51,67.68,2535.0
2021-03-12 07:30:00,67.65,67.75,67.55,67.67,10128.0
2021-03-12 07:15:00,66.86,67.46,66.8,67.46,15729.0
2021-03-12 06:30:00,66.59,66.59,66.59,66.59,333.0
2021-03-12 06:15:00,66.51,66.51,66.5,66.5,2349.0
2021-03-12 06:00:00,66.11,66.5,66.1,66.5,1901.0
2021-03-12 05:45:00,66.15,66.15,66.15,66.15,1133.0
2021-03-12 05:30:00,66.15,66.15,66.01,66.01,515.0
2021-03-12 05:15:00,66.22,66.22,66.15,66.15,4052.0
2021-03-12 05:00:00,66.22,66.22,66.22,66.22,399.0
2021-03-12 04:45:00,66.25,66.25,66.25,66.25,311.0
2021-03-12 04:30:00,66.35,66.35,66.35,66.35,150.0
2021-03-12 04:15:00,67.74,67.74,65.35,66.35,8554.0
2021-03-11 20:00:00,68.7,68.7,68.62,68.7,3751.0
2021-03-11 19:45:00,68.62,68.62,68.6,68.62,711.0
2021-03-11 19:30:00,68.51,68.69,68.51,68.62,762.0
2021-03-11 19:15:00,68.7,68.7,68.69,68.69,354.0
2021-03-11 19:00:00,68.46,68.7,68.46,68.6,1366.0
2021-03-11 18:45:00,68.47,68.6,68.47,68.6,1108.0
2021-03-11 18:30:00,68.61,68.7,68.6,68.6,1688.0
2021-03-11 18:15:00,68.4,68.42,68.4,68.42,4300.0
2021-03-11 18:00:00,68.4,68.4,68.31,68.31,2712.0
2021-03-11 17:45:00,68.61,68.61,68.45,68.45,5228.0
2021-03-11 17:30:00,68.5,68.58,68.5,68.58,1544.0
2021-03-11 17:00:00,68.5,68.5,68.46,68.46,399.0
2021-03-11 16:45:00,68.5,68.5,68.5,68.5,1294.0
2021-03-11 16:30:00,68.46,68.6,68.46,68.6,10718.0
2021-03-11 16:15:00,68.75,68.75,68.46,68.46,402630.0
2021-03-11 16:00:00,68.515,68.74,68.34,68.46,1704801.0
2021-03-11 15:45:00,68.5,68.62,68.23,68.51,726514.0
2021-03-11 15:30:00,68.455,68.57,68.33,68.51,526194.0
2021-03-11 15:15:00,68.35,68.61,68.29,68.46,479349.0
2021-03-11 15:00:00,68.4,68.44,68.255,68.35,509083.0
2021-03-11 14:45:00,68.06,68.49,68.05,68.3802,493537.0
2021-03-11 14:30:00,68.01,68.1158,67.94,68.05,263218.0
2021-03-11 14:15:00,67.86,68.12,67.83,68.01,273535.0
2021-03-11 14:00:00,67.78,67.915,67.64,67.84,324622.0
2021-03-11 13:45:00,67.94,68.11,67.74,67.78,296621.0
2021-03-11 13:30:00,67.72,67.96,67.63,67.92,365241.0
2021-03-11 13:15:00,67.48,67.94,67.3701,67.68,315056.0
2021-03-11 13:00:00,67.67,67.77,67.35,67.47,298756.0
2021-03-11 12:45:00,67.86,67.94,67.63,67.69,223737.0
2021-03-11 12:30:00,67.89,67.97,67.64,67.865,293635.0
2021-03-11 12:15:00,67.84,67.9,67.54,67.87,321271.0
2021-03-11 12:00:00,67.87,68.055,67.71,67.82,352575.0
2021-03-11 11:45:00,67.4,67.99,67.37,67.86,620408.0
2021-03-11 11:30:00,67.27,67.58,67.0401,67.39,497162.0
2021-03-11 11:15:00,67.14,67.36,67.01,67.28,383338.0
2021-03-11 11:00:00,67.16,67.18,66.82,67.125,438239.0
2021-03-11 10:45:00,66.6,67.45,66.6,67.1599,656364.0
2021-03-11 10:30:00,66.83,67.06,66.28,66.6,475842.0
2021-03-11 10:15:00,66.745,67.24,66.7101,66.8292,755810.0
2021-03-11 10:00:00,66.03,66.78,65.95,66.74,551087.0
2021-03-11 09:45:00,66.37,66.95,65.83,66.02,1099846.0
2021-03-11 09:30:00,66.26,66.6,66.22,66.22,25028.0
2021-03-11 09:15:00,66.38,66.38,66.24,66.25,13784.0
2021-03-11 09:00:00,66.38,66.38,66.0,66.25,21986.0
2021-03-11 08:45:00,66.3,66.39,66.3,66.38,3282.0
2021-03-11 08:30:00,66.41,66.47,66.25,66.25,15061.0
2021-03-11 08:15:00,66.489,66.51,66.16,66.48,21774.0
2021-03-11 08:00:00,66.22,66.4,66.22,66.4,3297.0
2021-03-11 07:45:00,66.46,66.49,66.3,66.3,5938.0
2021-03-11 07:30:00,66.32,66.5,66.3,66.5,11821.0
2021-03-11 07:15:00,66.52,66.52,66.17,66.3,13265.0
2021-03-11 06:45:00,66.37,66.37,66.37,66.37,200.0
2021-03-11 06:30:00,66.6,66.69,66.35,66.35,3327.0
2021-03-11 06:15:00,66.6,66.6,66.6,66.6,243.0
2021-03-11 06:00:00,66.29,66.6,66.29,66.6,2679.0
2021-03-11 05:45:00,66.3,66.3,66.3,66.3,400.0
2021-03-11 05:15:00,66.33,66.33,66.33,66.33,256.0
2021-03-11 05:00:00,66.32,66.5,66.32,66.5,2443.0
2021-03-11 04:45:00,66.49,66.49,66.49,66.49,500.0
2021-03-11 04:30:00,66.34,66.34,66.33,66.33,899.0
2021-03-11 04:15:00,66.1,66.75,66.1,66.4,5013.0
2021-03-10 20:00:00,64.89,64.89,64.75,64.89,13388.0
2021-03-10 19:45:00,64.85,64.85,64.84,64.84,580.0
2021-03-10 19:30:00,64.9,64.98,64.85,64.9,2335.0
2021-03-10 19:15:00,64.98,64.98,64.9,64.97,1208.0
2021-03-10 19:00:00,64.88,65.0,64.88,64.9,971.0
2021-03-10 18:45:00,64.96,65.0,64.95,65.0,860.0
2021-03-10 18:30:00,65.02,65.02,64.92,64.92,3981.0
2021-03-10 18:15:00,64.98,65.02,64.93,65.02,2185.0
2021-03-10 18:00:00,65.02,65.02,64.98,64.98,1265.0
2021-03-10 17:45:00,64.98,64.98,64.98,64.98,117.0
2021-03-10 17:30:00,64.93,65.05,64.93,65.05,4919.0
2021-03-10 17:15:00,64.9,64.95,64.9,64.95,1798.0
2021-03-10 16:45:00,64.85,64.92,64.83,64.92,3275.0
2021-03-10 16:30:00,64.85,64.9,64.83,64.85,10779.0
2021-03-10 16:15:00,64.98,64.98,64.56,64.83,130869.0
2021-03-10 16:00:00,64.83,65.1,64.59,64.81,2757766.0
2021-03-10 15:45:00,65.05,65.27,64.77,64.83,1255021.0
2021-03-10 15:30:00,65.2,65.38,64.96,65.05,708913.0
2021-03-10 15:15:00,65.308,65.515,65.17,65.2,492864.0
2021-03-10 15:00:00,65.03,65.58,64.98,65.3,603056.0
2021-03-10 14:45:00,65.29,65.32,64.93,65.04,455945.0
2021-03-10 14:30:00,65.25,65.51,65.085,65.27,596611.0
2021-03-10 14:15:00,65.15,65.29,64.99,65.22,500870.0
2021-03-10 14:00:00,65.28,65.32,64.92,65.125,530673.0
2021-03-10 13:45:00,65.84,65.88,65.17,65.3,492080.0
2021-03-10 13:30:00,65.65,65.88,65.53,65.85,519243.0
2021-03-10 13:15:00,65.82,65.89,65.31,65.64,539448.0
2021-03-10 13:00:00,65.41,65.86,65.41,65.8,548863.0
2021-03-10 12:45:00,65.335,65.66,64.96,65.4,573084.0
2021-03-10 12:30:00,65.95,66.0,65.1312,65.33,694685.0
2021-03-10 12:15:00,66.09,66.1651,65.8001,65.95,461747.0
2021-03-10 12:00:00,65.47,66.34,65.43,66.08,494955.0
2021-03-10 11:45:00,66.26,66.39,65.4,65.455,701113.0
2021-03-10 11:30:00,66.29,66.4267,65.535,66.27,1132372.0
2021-03-10 11:15:00,66.29,66.56,66.05,66.29,600181.0
2021-03-10 11:00:00,66.54,66.7899,65.813,66.26,805815.0
2021-03-10 10:45:00,66.39,67.04,66.01,66.555,844809.0
2021-03-10 10:30:00,67.48,67.84,66.36,66.39,954912.0
2021-03-10 10:15:00,68.2,68.29,67.39,67.52,893107.0
2021-03-10 10:00:00,68.39,69.1299,68.04,68.19,919412.0
2021-03-10 09:45:00,69.4565,69.46,67.91,68.39,1841856.0
2021-03-10 09:30:00,69.22,69.5,68.3,68.65,79136.0
2021-03-10 09:15:00,68.77,69.4,68.7,69.3,41051.0
2021-03-10 09:00:00,68.22,68.81,68.17,68.68,25589.0
2021-03-10 08:45:00,67.74,68.99,67.7,68.2201,43149.0
2021-03-10 08:30:00,68.0,68.01,67.46,67.62,11020.0
2021-03-10 08:15:00,67.8999,68.28,67.46,68.0,27881.0
2021-03-10 08:00:00,68.0,68.0,67.86,67.86,1016.0
2021-03-10 07:45:00,68.0,68.01,68.0,68.0,2655.0
2021-03-10 07:30:00,67.8,68.0,67.77,68.0,2964.0
2021-03-10 07:15:00,67.88,67.88,67.7,67.7,2149.0
2021-03-10 07:00:00,67.8,67.8,67.73,67.73,1024.0
2021-03-10 06:30:00,67.8,67.83,67.46,67.46,5552.0
2021-03-10 06:15:00,68.17,68.74,67.8,67.8,9364.0
2021-03-10 06:00:00,68.6,68.76,68.06,68.21,1050.0
2021-03-10 05:45:00,68.4,68.76,68.38,68.76,4705.0
2021-03-10 05:30:00,68.0,68.2,68.0,68.2,3159.0
2021-03-10 05:00:00,67.94,67.94,67.94,67.94,394.0
2021-03-10 04:30:00,67.85,67.9,67.85,67.9,412.0
2021-03-10 04:15:00,67.92,68.03,67.92,68.03,1472.0
2021-03-09 20:00:00,67.76,67.9,67.75,67.76,2373.0
2021-03-09 19:45:00,67.9599,67.9599,67.9599,67.9599,256.0
2021-03-09 19:30:00,67.82,67.85,67.73,67.78,3267.0
2021-03-09 19:15:00,67.77,67.83,67.7,67.82,2319.0
2021-03-09 19:00:00,67.8,67.83,67.8,67.83,692.0
2021-03-09 18:45:00,67.81,67.81,67.7,67.7,2336.0
2021-03-09 18:30:00,67.79,67.79,67.79,67.79,104.0
2021-03-09 18:15:00,67.77,67.79,67.77,67.79,900.0
2021-03-09 18:00:00,67.76,67.76,67.6,67.6,1103.0
2021-03-09 17:45:00,67.55,67.55,67.55,67.55,117.0
2021-03-09 17:30:00,67.79,67.8,67.54,67.54,1478.0
2021-03-09 17:15:00,67.55,67.8499,67.55,67.84,1799.0
2021-03-09 17:00:00,67.59,67.59,67.59,67.59,133.0
2021-03-09 16:45:00,67.3,67.49,67.3,67.49,5333.0
2021-03-09 16:30:00,67.22,67.4,67.2,67.3,2521.0
2021-03-09 16:15:00,67.5,67.52,67.25,67.3,2113021.0
2021-03-09 16:00:00,67.73,67.8,67.32,67.49,1934339.0
2021-03-09 15:45:00,68.11,68.21,67.67,67.73,691544.0
2021-03-09 15:30:00,67.85,68.19,67.67,68.11,560103.0
2021-03-09 15:15:00,67.68,67.99,67.6,67.84,436518.0
2021-03-09 15:00:00,67.92,67.945,67.6,67.67,389798.0
2021-03-09 14:45:00,67.38,67.95,67.38,67.92,495314.0
2021-03-09 14:30:00,67.85,67.86,67.16,67.375,589871.0
2021-03-09 14:15:00,67.695,67.97,67.6,67.85,495763.0
2021-03-09 14:00:00,67.55,67.73,67.28,67.7,373554.0
2021-03-09 13:45:00,67.3,67.67,67.25,67.54,552778.0
2021-03-09 13:30:00,67.3,67.46,67.17,67.305,381823.0
2021-03-09 13:15:00,66.78,67.31,66.78,67.29,325622.0
2021-03-09 13:00:00,66.9201,67.015,66.62,66.77,228962.0
2021-03-09 12:45:00,66.94,67.0,66.68,66.93,397057.0
2021-03-09 12:30:00,67.07,67.2,66.88,66.93,372411.0
2021-03-09 12:15:00,66.98,67.19,66.87,67.05,327771.0
2021-03-09 12:00:00,67.1,67.12,66.86,66.9722,373681.0
2021-03-09 11:45:00,67.18,67.38,67.0301,67.1,384896.0
2021-03-09 11:30:00,66.4889,67.31,66.45,67.18,585923.0
2021-03-09 11:15:00,66.67,66.89,66.44,66.48,814519.0
2021-03-09 11:00:00,66.87,66.93,66.422,66.66,597874.0
2021-03-09 10:45:00,66.97,67.11,66.61,66.8,803483.0
2021-03-09 10:30:00,66.4,67.122,66.37,66.9631,847465.0
2021-03-09 10:15:00,66.07,66.6,65.81,66.4,963407.0
2021-03-09 10:00:00,64.905,66.25,64.85,66.0696,1063640.0
2021-03-09 09:45:00,65.725,66.05,64.6001,64.885,1261888.0
2021-03-09 09:30:00,66.0,66.25,65.4,65.43,59091.0
2021-03-09 09:15:00,65.96,66.04,65.94,66.02,34852.0
2021-03-09 09:00:00,65.94,66.0,65.82,66.0,11756.0
2021-03-09 08:45:00,65.9699,65.9699,65.8,65.92,36527.0
2021-03-09 08:30:00,65.76,66.0,65.75,66.0,19895.0
2021-03-09 08:15:00,65.7499,66.0,65.3,65.75,30405.0
2021-03-09 08:00:00,65.88,65.88,65.61,65.86,6848.0
2021-03-09 07:45:00,65.98,65.98,65.47,65.76,2969.0
2021-03-09 07:30:00,65.8,65.8,65.31,65.32,2403.0
2021-03-09 07:15:00,66.01,66.01,65.45,66.0,7733.0
2021-03-09 07:00:00,66.0,66.19,66.0,66.19,2492.0
2021-03-09 06:45:00,66.05,66.05,65.9,66.0,9324.0
2021-03-09 06:30:00,65.29,66.35,65.29,66.35,13181.0
2021-03-09 06:15:00,65.2,65.29,65.2,65.29,4427.0
2021-03-09 06:00:00,65.2,65.2,65.2,65.2,3331.0
2021-03-09 05:45:00,65.18,65.25,65.18,65.2,4619.0
2021-03-09 05:30:00,65.25,65.25,65.01,65.19,3716.0
2021-03-09 05:15:00,65.29,65.29,65.26,65.26,1649.0
2021-03-09 05:00:00,65.37,65.39,65.25,65.29,995.0
2021-03-09 04:45:00,65.4,65.4,65.05,65.06,1730.0
2021-03-09 04:30:00,65.11,65.2,65.0,65.2,1344.0
2021-03-09 04:15:00,64.99,65.11,64.93,65.11,1414.0
2021-03-08 20:00:00,63.8,63.8,63.6,63.7,1630.0
2021-03-08 19:45:00,63.63,63.7999,63.63,63.63,3564.0
2021-03-08 19:30:00,64.09,64.11,63.62,63.89,3531.0
2021-03-08 19:15:00,63.95,63.99,63.95,63.99,300.0
2021-03-08 19:00:00,64.0,64.23,63.92,64.0,2247.0
2021-03-08 18:45:00,63.88,63.99,63.88,63.99,3568.0
2021-03-08 18:30:00,63.58,63.66,63.58,63.66,3163.0
2021-03-08 18:15:00,63.48,63.6,63.41,63.49,13969.0
2021-03-08 18:00:00,63.45,63.48,63.42,63.42,2852.0
2021-03-08 17:45:00,63.48,63.48,63.48,63.48,3053.0
2021-03-08 17:30:00,63.44,63.48,63.44,63.48,50194.0
2021-03-08 17:15:00,63.41,63.48,63.41,63.47,8170.0
2021-03-08 17:00:00,63.4799,63.48,63.4,63.48,1197.0
2021-03-08 16:45:00,63.48,63.48,63.41,63.48,12581.0
2021-03-08 16:30:00,63.48,63.48,63.4799,63.4799,5085.0
2021-03-08 16:15:00,63.48,63.48,63.3,63.3,621713.0
2021-03-08 16:00:00,64.385,64.41,63.42,63.48,2773795.0
2021-03-08 15:45:00,63.86,64.41,63.86,64.38,1090099.0
2021-03-08 15:30:00,64.2,64.34,63.85,63.86,610068.0
2021-03-08 15:15:00,64.68,64.69,64.0,64.2114,842866.0
2021-03-08 15:00:00,64.81,64.98,64.58,64.71,410733.0
2021-03-08 14:45:00,65.05,65.22,64.75,64.8,602439.0
2021-03-08 14:30:00,64.8,65.065,64.46,65.03,522564.0
2021-03-08 14:15:00,63.94,64.82,63.93,64.8,842468.0
2021-03-08 14:00:00,64.37,64.54,63.82,63.94,777789.0
2021-03-08 13:45:00,65.18,65.24,64.37,64.37,502779.0
2021-03-08 13:30:00,65.46,65.61,65.1,65.17,397529.0
2021-03-08 13:15:00,65.78,65.92,65.28,65.4598,515167.0
2021-03-08 13:00:00,65.96,66.35,65.73,65.77,417126.0
2021-03-08 12:45:00,66.42,66.53,65.89,65.96,400792.0
2021-03-08 12:30:00,66.33,66.65,66.1,66.4,431475.0
2021-03-08 12:15:00,66.28,66.65,66.2,66.35,353294.0
2021-03-08 12:00:00,66.35,66.59,66.102,66.28,493676.0
2021-03-08 11:45:00,67.31,67.31,66.34,66.34,600679.0
2021-03-08 11:30:00,67.31,67.75,67.11,67.3,567280.0
2021-03-08 11:15:00,67.59,67.8,67.17,67.3166,372471.0
2021-03-08 11:00:00,68.1,68.17,67.41,67.6,542742.0
2021-03-08 10:45:00,67.97,68.47,67.93,68.07,754741.0
2021-03-08 10:30:00,67.2,68.09,66.92,67.9875,748622.0
2021-03-08 10:15:00,67.02,67.59,66.6101,67.19,639903.0
2021-03-08 10:00:00,68.18,68.635,66.73,67.01,1255248.0
2021-03-08 09:45:00,67.4,68.49,66.51,68.21,1915912.0
2021-03-08 09:30:00,67.49,68.0,67.1,67.6,190310.0
2021-03-08 09:15:00,67.44,67.77,66.95,67.49,53993.0
2021-03-08 09:00:00,67.2004,67.44,67.2,67.44,13267.0
2021-03-08 08:45:00,67.24,67.34,67.05,67.18,23483.0
2021-03-08 08:30:00,66.95,67.31,66.95,67.29,29389.0
2021-03-08 08:15:00,66.59,67.2499,66.23,66.9899,35158.0
2021-03-08 08:00:00,66.61,66.8,66.61,66.8,8979.0
2021-03-08 07:45:00,66.71,67.0,66.68,66.91,15366.0
2021-03-08 07:30:00,66.98,67.09,66.69,66.96,11835.0
2021-03-08 07:15:00,66.2,67.19,66.2,66.98,11587.0
2021-03-08 07:00:00,66.02,66.21,66.02,66.21,875.0
2021-03-08 06:45:00,66.02,66.11,66.0,66.11,1118.0
2021-03-08 06:30:00,66.57,66.57,66.25,66.29,2655.0
2021-03-08 06:15:00,65.63,66.93,65.63,66.93,3820.0
2021-03-08 06:00:00,65.45,65.45,65.37,65.37,1624.0
2021-03-08 05:45:00,65.0,65.21,65.0,65.21,724.0
2021-03-08 05:30:00,65.22,65.22,64.97,64.97,1472.0
2021-03-08 05:00:00,65.01,65.11,65.01,65.1,400.0
2021-03-08 04:45:00,64.51,64.77,64.4,64.77,1304.0
2021-03-08 04:30:00,65.09,65.09,64.48,64.48,2003.0
2021-03-08 04:15:00,65.91,65.91,65.13,65.13,997.0
2021-03-05 20:00:00,67.08,67.16,66.95,67.0,1602.0
2021-03-05 19:45:00,66.98,67.08,66.95,67.08,10511.0
2021-03-05 19:30:00,66.89,67.0,66.89,66.99,2517.0
2021-03-05 19:15:00,66.95,67.0,66.58,66.89,3346.0
2021-03-05 19:00:00,67.0,67.0,66.98,66.99,515.0
2021-03-05 18:45:00,67.0799,67.0799,66.92,66.95,1226.0
2021-03-05 18:30:00,67.0,67.08,66.93,66.93,607.0
2021-03-05 18:15:00,67.0001,67.0001,67.0001,67.0001,200.0
2021-03-05 18:00:00,67.09,67.09,66.92,67.08,706.0
2021-03-05 17:45:00,67.0,67.0,66.95,66.95,881.0
2021-03-05 17:30:00,67.1399,67.1399,67.1399,67.1399,269.0
2021-03-05 17:15:00,66.96,66.99,66.95,66.98,2198.0
2021-03-05 17:00:00,66.95,67.15,66.95,66.98,4701.0
2021-03-05 16:45:00,66.98,66.98,66.98,66.98,538.0
2021-03-05 16:30:00,66.97,66.97,66.9,66.9,6236.0
2021-03-05 16:15:00,66.92,67.25,66.92,66.98,197758.0
2021-03-05 16:00:00,67.25,67.2903,66.85,66.95,1510031.0
2021-03-05 15:45:00,67.04,67.35,66.93,67.24,599813.0
2021-03-05 15:30:00,67.26,67.43,66.91,67.04,521212.0
2021-03-05 15:15:00,66.97,67.3199,66.9,67.26,687672.0
2021-03-05 15:00:00,66.66,67.19,66.57,66.97,523154.0
2021-03-05 14:45:00,66.175,66.85,66.175,66.68,603695.0
2021-03-05 14:30:00,65.81,66.2364,65.65,66.19,403386.0
2021-03-05 14:15:00,66.4,66.5,65.56,65.8,423854.0
2021-03-05 14:00:00,66.22,66.63,66.06,66.385,267052.0
2021-03-05 13:45:00,66.48,66.62,66.195,66.22,347701.0
2021-03-05 13:30:00,65.63,66.52,65.54,66.46,635024.0
2021-03-05 13:15:00,65.7201,65.8,65.08,65.65,426973.0
2021-03-05 13:00:00,65.76,66.0,65.5017,65.7415,725116.0
2021-03-05 12:45:00,64.86,65.8,64.79,65.77,661352.0
2021-03-05 12:30:00,63.6519,64.93,63.59,64.84,622273.0
2021-03-05 12:15:00,64.12,64.25,63.45,63.66,510115.0
2021-03-05 12:00:00,63.575,64.26,63.19,64.12,799749.0
2021-03-05 11:45:00,61.86,63.65,61.86,63.57,1523960.0
2021-03-05 11:30:00,62.485,62.78,61.5235,61.86,1428294.0
2021-03-05 11:15:00,63.34,63.58,62.46,62.485,1033198.0
2021-03-05 11:00:00,63.51,64.06,63.17,63.33,1026676.0
2021-03-05 10:45:00,64.29,64.45,63.07,63.4901,1466226.0
2021-03-05 10:30:00,64.87,65.0,64.26,64.26,905651.0
2021-03-05 10:15:00,65.08,66.0,64.631,64.85,930203.0
2021-03-05 10:00:00,65.99,66.22,64.56,65.12,1126702.0
2021-03-05 09:45:00,67.67,67.79,65.43,66.0586,1568716.0
2021-03-05 09:30:00,67.6,67.76,67.15,67.15,27551.0
2021-03-05 09:15:00,67.25,67.8499,67.0,67.62,20790.0
2021-03-05 09:00:00,66.87,67.2,66.86,67.2,74845.0
2021-03-05 08:45:00,67.1399,67.1584,66.21,66.9399,31662.0
2021-03-05 08:30:00,67.01,67.25,66.76,67.13,11160.0
2021-03-05 08:15:00,67.08,67.26,66.37,67.11,31429.0
2021-03-05 08:00:00,67.0,67.26,67.0,67.08,10605.0
2021-03-05 07:45:00,66.94,67.0,66.9,66.98,5986.0
2021-03-05 07:30:00,66.7,66.92,66.7,66.76,7345.0
2021-03-05 07:15:00,66.52,66.7,66.15,66.55,7604.0
2021-03-05 07:00:00,66.6,66.6,66.55,66.56,3890.0
2021-03-05 06:30:00,66.26,66.26,66.26,66.26,151.0
2021-03-05 06:15:00,66.3,66.49,66.3,66.33,5624.0
2021-03-05 05:45:00,66.1,66.22,66.08,66.22,760.0
2021-03-05 05:15:00,66.32,66.32,66.32,66.32,435.0
2021-03-05 05:00:00,66.27,66.27,66.27,66.27,380.0
2021-03-05 04:45:00,66.2,66.57,66.2,66.57,1112.0
2021-03-04 20:00:00,65.8,65.8,65.36,65.55,16753.0
2021-03-04 19:45:00,65.95,66.0,65.7,65.8,5531.0
2021-03-04 19:30:00,66.3,66.3,66.0,66.02,4742.0
2021-03-04 19:15:00,66.4,66.4,66.1,66.1,988.0
2021-03-04 19:00:00,66.5,66.6,66.41,66.46,2213.0
2021-03-04 18:45:00,66.65,66.65,66.51,66.51,4495.0
2021-03-04 18:30:00,66.6,66.7699,66.6,66.6,3941.0
2021-03-04 18:15:00,66.72,66.79,66.6,66.6,1844.0
2021-03-04 18:00:00,66.7,66.7899,66.6,66.7899,2847.0
2021-03-04 17:45:00,66.6,66.8,66.6,66.8,514.0
2021-03-04 17:30:00,66.62,66.62,66.51,66.62,5893.0
2021-03-04 17:15:00,66.8,66.8,66.62,66.65,1871.0
2021-03-04 17:00:00,66.97,66.97,66.71,66.72,3616.0
2021-03-04 16:45:00,66.8,66.97,66.8,66.97,2072.0
2021-03-04 16:30:00,66.8,66.85,66.75,66.85,24181.0
2021-03-04 16:15:00,66.75,66.85,66.75,66.85,586387.0
2021-03-04 16:00:00,67.29,67.46,66.54,66.75,1688292.0
2021-03-04 15:45:00,66.87,67.34,66.6,67.295,805592.0
2021-03-04 15:30:00,67.1,67.2,66.61,66.9,537642.0
2021-03-04 15:15:00,67.68,67.86,66.9703,67.1,650088.0
2021-03-04 15:00:00,67.4,68.0299,67.19,67.69,564159.0
2021-03-04 14:45:00,67.55,67.61,66.975,67.4299,486071.0
2021-03-04 14:30:00,66.67,67.66,66.472,67.58,609193.0
2021-03-04 14:15:00,66.06,66.94,66.02,66.7,660457.0
2021-03-04 14:00:00,67.39,67.415,66.06,66.06,804073.0
2021-03-04 13:45:00,67.65,67.86,67.18,67.42,588027.0
2021-03-04 13:30:00,67.0494,67.65,66.9,67.62,784677.0
2021-03-04 13:15:00,68.115,68.43,66.94,67.05,955742.0
2021-03-04 13:00:00,68.98,69.01,67.88,68.13,786459.0
2021-03-04 12:45:00,69.56,69.64,68.87,69.02,547221.0
2021-03-04 12:30:00,69.935,70.47,69.34,69.59,589522.0
2021-03-04 12:15:00,70.14,70.4494,69.82,69.935,412514.0
2021-03-04 12:00:00,70.365,70.61,69.98,70.11,459609.0
2021-03-04 11:45:00,69.8,70.55,69.8,70.37,424861.0
2021-03-04 11:30:00,69.4,70.19,69.32,69.775,428955.0
2021-03-04 11:15:00,69.73,70.18,69.36,69.39,551513.0
2021-03-04 11:00:00,69.8867,70.11,69.24,69.779,940019.0
2021-03-04 10:45:00,69.43,69.95,69.09,69.85,866621.0
2021-03-04 10:30:00,69.05,69.51,68.655,69.46,953283.0
2021-03-04 10:15:00,69.6828,69.93,68.14,69.035,1421447.0
2021-03-04 10:00:00,70.86,70.86,69.52,69.755,1234354.0
2021-03-04 09:45:00,70.61,71.78,70.27,70.825,1267653.0
2021-03-04 09:30:00,70.4999,71.4999,70.41,71.39,61319.0
2021-03-04 09:15:00,71.0,71.22,70.05,70.5,24638.0
2021-03-04 09:00:00,71.05,71.3,70.79,71.02,22492.0
2021-03-04 08:45:00,70.91,71.22,70.6,71.13,25208.0
2021-03-04 08:30:00,70.44,70.99,70.44,70.94,7802.0
2021-03-04 08:15:00,70.25,70.68,70.0,70.45,6250.0
2021-03-04 08:00:00,70.52,70.52,70.45,70.45,1887.0
2021-03-04 07:45:00,70.6,70.6,70.57,70.6,3740.0
2021-03-04 07:30:00,70.5,70.67,70.5,70.55,9197.0
2021-03-04 07:15:00,69.8,70.32,69.8,70.12,10458.0
2021-03-04 07:00:00,69.65,69.65,69.43,69.63,1536.0
2021-03-04 06:45:00,69.5,69.65,69.5,69.65,1865.0
2021-03-04 06:30:00,69.1,69.1,69.1,69.1,301.0
2021-03-04 06:00:00,69.22,69.22,69.22,69.22,200.0
2021-03-04 05:45:00,69.5,69.6,69.5,69.5,1460.0
2021-03-04 05:30:00,69.25,69.5,69.25,69.5,659.0
2021-03-04 05:15:00,69.48,69.48,69.1,69.1,1506.0
2021-03-04 05:00:00,69.1,69.51,69.1,69.48,1102.0
2021-03-04 04:30:00,70.02,70.02,69.5,69.5,1573.0
2021-03-04 04:15:00,70.4,70.4,70.34,70.34,2303.0
2021-03-03 20:00:00,70.59,70.7,70.4,70.7,2877.0
2021-03-03 19:45:00,70.5,70.7,70.5,70.65,2310.0
2021-03-03 19:30:00,70.38,70.46,70.35,70.35,2228.0
2021-03-03 19:15:00,70.55,70.56,70.5,70.5,13119.0
2021-03-03 19:00:00,70.8,70.8,70.55,70.55,1686.0
2021-03-03 18:45:00,70.7,71.0,70.7,70.73,800.0
2021-03-03 18:30:00,71.18,71.18,70.7,70.7001,4866.0
2021-03-03 18:15:00,71.38,71.4,71.16,71.3,1243.0
2021-03-03 18:00:00,71.25,71.3,71.25,71.3,3104.0
2021-03-03 17:45:00,70.8,71.4,70.8,71.25,12570.0
2021-03-03 17:30:00,70.87,71.0,70.69,70.8,26409.0
2021-03-03 17:15:00,70.87,70.87,70.75,70.75,770.0
2021-03-03 17:00:00,70.76,70.86,70.68,70.75,8348.0
2021-03-03 16:45:00,70.92,70.92,70.8,70.8,12749.0
2021-03-03 16:30:00,70.86,70.92,70.86,70.9,12774.0
2021-03-03 16:15:00,71.25,71.7841,70.62,70.92,305270.0
2021-03-03 16:00:00,71.03,71.3,70.72,70.86,1338047.0
2021-03-03 15:45:00,71.04,71.11,70.79,71.06,582572.0
2021-03-03 15:30:00,71.28,71.33,70.92,71.04,458718.0
2021-03-03 15:15:00,71.7,71.7,71.22,71.29,442018.0
2021-03-03 15:00:00,71.6038,71.84,71.21,71.72,627981.0
2021-03-03 14:45:00,70.97,71.64,70.6587,71.625,743638.0
2021-03-03 14:30:00,71.4,71.405,70.87,70.99,452784.0
2021-03-03 14:15:00,71.35,71.46,70.92,71.42,524190.0
2021-03-03 14:00:00,71.56,71.62,71.19,71.36,501010.0
2021-03-03 13:45:00,71.97,71.97,71.55,71.575,379726.0
2021-03-03 13:30:00,71.77,72.21,71.68,71.96,569755.0
2021-03-03 13:15:00,71.825,71.97,71.71,71.79,316990.0
2021-03-03 13:00:00,71.91,72.09,71.8,71.84,368473.0
2021-03-03 12:45:00,72.17,72.17,71.83,71.92,351537.0
2021-03-03 12:30:00,72.58,72.58,72.0539,72.17,386408.0
2021-03-03 12:15:00,72.53,72.75,72.32,72.58,308781.0
2021-03-03 12:00:00,72.93,73.25,72.61,72.61,452022.0
2021-03-03 11:45:00,73.04,73.33,72.77,72.94,784684.0
2021-03-03 11:30:00,72.98,73.42,72.64,73.04,535761.0
2021-03-03 11:15:00,73.04,73.17,72.7,72.98,487822.0
2021-03-03 11:00:00,72.4,73.11,72.2901,73.02,687339.0
2021-03-03 10:45:00,71.94,72.59,71.83,72.4,647542.0
2021-03-03 10:30:00,71.96,72.36,71.55,71.97,958690.0
2021-03-03 10:15:00,72.88,73.0399,71.92,71.98,1003932.0
2021-03-03 10:00:00,73.03,73.5,72.8,72.91,726407.0
2021-03-03 09:45:00,74.01,74.5,72.87,73.08,1031747.0
2021-03-03 09:30:00,73.5,73.96,73.3,73.92,25983.0
2021-03-03 09:15:00,73.35,73.5,73.0,73.45,19377.0
2021-03-03 09:00:00,73.21,73.5,72.78,73.5,22418.0
2021-03-03 08:45:00,73.91,73.9663,73.09,73.2,53481.0
2021-03-03 08:30:00,73.9899,73.9899,73.8,73.97,28856.0
2021-03-03 08:15:00,74.14,74.4,73.69,73.8,32065.0
2021-03-03 08:00:00,74.15,74.15,74.15,74.15,542.0
2021-03-03 07:45:00,74.22,74.22,74.14,74.14,1367.0
2021-03-03 07:30:00,74.06,74.3,74.06,74.3,1522.0
2021-03-03 07:15:00,74.15,74.3,74.15,74.25,6155.0
2021-03-03 06:45:00,74.1,74.1,74.06,74.06,999.0
2021-03-03 06:30:00,74.19,74.26,74.19,74.21,1688.0
2021-03-03 06:15:00,74.02,74.25,74.0,74.2,1511.0
2021-03-03 05:45:00,74.27,74.27,74.26,74.26,376.0
2021-03-03 05:30:00,74.38,74.38,74.38,74.38,106.0
2021-03-03 05:15:00,74.6,74.6,74.6,74.6,135.0
2021-03-03 05:00:00,74.49,74.5,74.49,74.5,464.0
2021-03-03 04:30:00,74.48,74.48,74.48,74.48,1000.0
2021-03-03 04:15:00,74.02,74.5,74.02,74.5,920.0
2021-03-02 20:00:00,73.82,73.96,73.76,73.8,10474.0
2021-03-02 19:45:00,73.82,73.82,73.76,73.76,8301.0
2021-03-02 19:30:00,73.78,73.82,73.76,73.76,2518.0
2021-03-02 19:15:00,73.82,73.84,73.82,73.82,1893.0
2021-03-02 19:00:00,73.8,73.88,73.8,73.88,1167.0
2021-03-02 18:45:00,73.85,73.9,73.77,73.85,2932.0
2021-03-02 18:30:00,73.5,73.85,73.5,73.85,2631.0
2021-03-02 18:15:00,73.5,73.62,73.5,73.62,6983.0
2021-03-02 18:00:00,73.52,73.52,73.49,73.52,1227.0
2021-03-02 17:45:00,73.51,73.56,73.48,73.52,7612.0
2021-03-02 17:30:00,73.62,73.62,73.51,73.51,3079.0
2021-03-02 17:15:00,73.64,73.67,73.5101,73.5101,38114.0
2021-03-02 17:00:00,73.61,73.65,73.6,73.6,3297.0
2021-03-02 16:45:00,73.62,73.69,73.62,73.67,1015.0
2021-03-02 16:30:00,73.62,74.0,73.62,73.63,7590.0
2021-03-02 16:15:00,73.64,73.97,73.59,73.7,741586.0
2021-03-02 16:00:00,74.03,74.26,73.56,73.67,1869545.0
2021-03-02 15:45:00,74.1785,74.33,73.89,74.0399,833243.0
2021-03-02 15:30:00,74.55,74.6,74.15,74.19,537599.0
2021-03-02 15:15:00,74.615,74.755,74.4601,74.5665,530438.0
2021-03-02 15:00:00,74.34,74.72,74.29,74.62,548302.0
2021-03-02 14:45:00,74.37,74.4399,74.181,74.33,580675.0
2021-03-02 14:30:00,74.4075,74.68,74.2101,74.38,716157.0
2021-03-02 14:15:00,74.62,74.9,74.28,74.44,551436.0
2021-03-02 14:00:00,75.38,75.47,74.61,74.63,740546.0
2021-03-02 13:45:00,75.58,75.74,75.34,75.38,416435.0
2021-03-02 13:30:00,75.535,75.69,75.24,75.58,455846.0
2021-03-02 13:15:00,75.39,75.68,75.39,75.53,239754.0
2021-03-02 13:00:00,75.4599,75.69,75.37,75.4,454371.0
2021-03-02 12:45:00,75.37,75.53,75.23,75.46,489512.0
2021-03-02 12:30:00,75.05,75.45,74.95,75.37,416259.0
2021-03-02 12:15:00,75.065,75.29,74.93,75.06,502307.0
2021-03-02 12:00:00,74.89,75.16,74.71,75.0625,596257.0
2021-03-02 11:45:00,75.48,75.48,74.69,74.89,828507.0
2021-03-02 11:30:00,75.58,75.69,75.16,75.45,742093.0
2021-03-02 11:15:00,75.92,76.1,75.32,75.58,759545.0
2021-03-02 11:00:00,75.79,76.35,75.66,75.94,542470.0
2021-03-02 10:45:00,76.21,76.55,75.67,75.825,975195.0
2021-03-02 10:30:00,76.25,76.88,76.18,76.19,712296.0
2021-03-02 10:15:00,76.25,76.75,76.14,76.26,688952.0
2021-03-02 10:00:00,76.71,76.91,76.1207,76.27,978643.0
2021-03-02 09:45:00,76.61,77.1,75.96,76.69,2013778.0
2021-03-02 09:30:00,76.99,76.99,76.1,76.1,98170.0
2021-03-02 09:15:00,77.0,77.04,76.5,76.95,93572.0
2021-03-02 09:00:00,77.16,77.34,76.96,77.0,51158.0
2021-03-02 08:45:00,77.41,77.43,77.05,77.16,8894.0
2021-03-02 08:30:00,77.32,77.45,77.32,77.41,14073.0
2021-03-02 08:15:00,77.47,77.5961,77.26,77.46,12665.0
2021-03-02 08:00:00,77.5,77.5,77.33,77.33,1297.0
2021-03-02 07:45:00,77.51,77.6,77.5,77.5,1051.0
2021-03-02 07:30:00,77.45,77.51,77.45,77.51,2302.0
2021-03-02 07:15:00,77.5,77.64,77.48,77.5,8234.0
2021-03-02 07:00:00,77.39,77.6,77.39,77.6,2104.0
2021-03-02 06:30:00,77.2,77.2,77.2,77.2,182.0
2021-03-02 06:00:00,77.3,77.3,77.3,77.3,500.0
2021-03-02 05:45:00,76.85,77.14,76.85,77.14,1720.0
2021-03-02 05:30:00,76.88,76.88,76.88,76.88,300.0
2021-03-02 04:45:00,76.8,76.8,76.79,76.79,425.0
2021-03-02 04:30:00,76.87,76.87,76.8,76.8,1234.0
2021-03-01 20:00:00,77.28,77.47,77.18,77.19,6763.0
2021-03-01 19:45:00,77.32,77.4,77.1,77.3,4075.0
2021-03-01 19:30:00,77.46,77.5,77.32,77.32,3183.0
2021-03-01 19:15:00,77.35,77.64,77.29,77.45,8317.0
2021-03-01 19:00:00,77.55,77.7,77.51,77.51,8232.0
2021-03-01 18:45:00,77.61,77.62,77.53,77.57,7663.0
2021-03-01 18:30:00,77.65,77.65,77.58,77.58,3764.0
2021-03-01 18:15:00,77.65,77.71,77.65,77.65,10191.0
2021-03-01 18:00:00,77.66,77.66,77.53,77.53,5496.0
2021-03-01 17:45:00,77.6,77.7,77.6,77.7,835.0
2021-03-01 17:30:00,77.66,77.72,77.63,77.63,2488.0
2021-03-01 17:15:00,77.74,77.74,77.63,77.7,6483.0
2021-03-01 17:00:00,77.7,77.74,77.64,77.73,8974.0
2021-03-01 16:45:00,77.7499,77.75,77.63,77.71,14634.0
2021-03-01 16:30:00,77.63,77.7,77.63,77.7,6889.0
2021-03-01 16:15:00,77.58,77.79,77.58,77.75,90843.0
2021-03-01 16:00:00,77.57,77.9,77.54,77.63,1987809.0
2021-03-01 15:45:00,77.32,77.695,77.3,77.565,886786.0
2021-03-01 15:30:00,77.5599,77.58,77.225,77.32,766889.0
2021-03-01 15:15:00,77.09,77.58,77.06,77.56,717239.0
2021-03-01 15:00:00,77.24,77.24,77.02,77.09,432505.0
2021-03-01 14:45:00,77.26,77.29,77.05,77.24,464986.0
2021-03-01 14:30:00,77.0,77.27,76.885,77.26,503814.0
2021-03-01 14:15:00,77.2455,77.47,76.88,77.0048,974701.0
2021-03-01 14:00:00,76.86,77.32,76.735,77.22,745134.0
2021-03-01 13:45:00,76.77,76.88,76.43,76.855,436259.0
2021-03-01 13:30:00,76.4,76.82,76.3335,76.7899,347225.0
2021-03-01 13:15:00,76.6,76.72,76.34,76.4,334810.0
2021-03-01 13:00:00,76.585,76.92,76.43,76.55,469186.0
2021-03-01 12:45:00,76.2,76.78,76.1622,76.5929,612537.0
2021-03-01 12:30:00,76.415,76.415,76.1,76.2,740905.0
2021-03-01 12:15:00,76.2401,76.57,76.13,76.42,691726.0
2021-03-01 12:00:00,76.55,76.61,76.22,76.23,514754.0
2021-03-01 11:45:00,76.34,76.57,76.1,76.54,950177.0
2021-03-01 11:30:00,76.5797,76.7065,76.32,76.34,516681.0
2021-03-01 11:15:00,76.6,76.92,76.25,76.57,977357.0
2021-03-01 11:00:00,77.07,77.07,76.39,76.5918,680553.0
2021-03-01 10:45:00,76.45,77.0907,76.13,77.08,1147763.0
2021-03-01 10:30:00,76.755,77.02,76.31,76.4698,1035836.0
2021-03-01 10:15:00,77.36,77.63,76.52,76.741,1259316.0
2021-03-01 10:00:00,77.055,77.46,76.05,77.3117,1555451.0
2021-03-01 09:45:00,78.36,78.73,76.86,77.08,3020886.0
2021-03-01 09:30:00,77.96,78.5,77.96,78.2,43629.0
2021-03-01 09:15:00,77.91,78.0,77.9,77.97,141063.0
2021-03-01 09:00:00,77.93,78.01,77.84,77.99,13572.0
2021-03-01 08:45:00,77.8,78.0,77.7,77.92,26874.0
2021-03-01 08:30:00,77.75,78.1,77.06,77.8,34668.0
2021-03-01 08:15:00,77.16,78.12,77.06,77.75,69758.0
2021-03-01 08:00:00,77.2,77.5,77.2,77.5,4204.0
2021-03-01 07:45:00,77.75,77.82,77.1,77.1,11442.0
2021-03-01 07:30:00,77.69,77.81,77.69,77.75,9916.0
2021-03-01 07:15:00,78.7,78.7,76.95,77.84,48431.0
2021-03-01 07:00:00,78.82,78.92,78.5,78.69,12197.0
2021-03-01 06:45:00,78.66,78.7,78.51,78.7,5255.0
2021-03-01 06:30:00,78.75,78.93,78.7,78.7,888.0
2021-03-01 06:15:00,78.93,78.93,78.8,78.9,1705.0
2021-03-01 06:00:00,78.8,78.8,78.73,78.73,921.0
2021-03-01 05:45:00,78.85,78.95,78.85,78.95,1441.0
2021-03-01 05:30:00,78.71,78.95,78.71,78.85,4928.0
2021-03-01 05:15:00,79.02,79.02,78.95,78.95,1349.0
2021-03-01 04:45:00,78.8,79.29,78.8,79.21,2238.0
2021-03-01 04:30:00,79.2,79.2,78.57,78.76,4247.0
2021-03-01 04:15:00,78.98,79.2,78.98,79.2,6362.0
2021-02-26 20:00:00,77.15,77.3,77.0801,77.3,3784.0
2021-02-26 19:45:00,77.15,77.16,77.08,77.08,980.0
2021-02-26 19:30:00,77.15,77.15,77.06,77.06,1443.0
2021-02-26 19:15:00,77.15,77.15,77.01,77.15,1642.0
2021-02-26 19:00:00,77.1,77.17,77.06,77.06,2740.0
2021-02-26 18:45:00,77.17,77.17,77.05,77.05,3016.0
2021-02-26 18:30:00,77.16,77.16,77.04,77.1,1963.0
2021-02-26 18:15:00,76.98,77.16,76.98,77.01,1585.0
2021-02-26 18:00:00,76.9,77.17,76.9,77.17,2634.0
2021-02-26 17:45:00,76.9,76.95,76.9,76.9,1178.0
2021-02-26 17:30:00,76.97,76.98,76.86,76.9499,4328.0
2021-02-26 17:15:00,76.97,76.98,76.84,76.98,8223.0
2021-02-26 17:00:00,76.95,77.08,76.91,76.91,4274.0
2021-02-26 16:45:00,76.94,77.18,76.93,77.07,24772.0
2021-02-26 16:30:00,76.85,77.06,76.65,76.9399,21198.0
2021-02-26 16:15:00,77.0,77.28,76.8,76.85,1015536.0
2021-02-26 16:00:00,78.0,78.45,77.06,77.06,2428972.0
2021-02-26 15:45:00,78.08,78.16,77.97,77.995,928567.0
2021-02-26 15:30:00,78.31,78.57,77.98,78.07,952795.0
2021-02-26 15:15:00,78.53,78.87,78.31,78.31,919436.0
2021-02-26 15:00:00,78.25,78.545,78.21,78.52,592838.0
2021-02-26 14:45:00,77.39,78.53,77.3035,78.24,918299.0
2021-02-26 14:30:00,77.98,78.05,77.26,77.41,659283.0
2021-02-26 14:15:00,77.94,78.22,77.64,77.965,643400.0
2021-02-26 14:00:00,77.9369,78.14,77.56,77.92,568413.0
2021-02-26 13:45:00,78.31,78.3693,77.62,77.95,981903.0
2021-02-26 13:30:00,77.93,78.57,77.73,78.295,1164160.0
2021-02-26 13:15:00,78.0801,78.2694,77.5616,77.895,1712960.0
2021-02-26 13:00:00,78.49,78.7,77.91,78.07,911492.0
2021-02-26 12:45:00,78.25,79.08,78.25,78.47,2132182.0
2021-02-26 12:30:00,78.43,78.64,78.0,78.24,917651.0
2021-02-26 12:15:00,77.68,78.5281,77.49,78.445,1093369.0
2021-02-26 12:00:00,77.35,77.69,77.16,77.66,587171.0
2021-02-26 11:45:00,76.96,77.84,76.96,77.32,1019420.0
2021-02-26 11:30:00,76.7284,77.08,76.39,76.97,872752.0
2021-02-26 11:15:00,75.78,76.84,75.4,76.76,1057431.0
2021-02-26 11:00:00,76.05,76.82,75.6,75.8,1106148.0
2021-02-26 10:45:00,75.34,76.34,75.26,76.045,882775.0
2021-02-26 10:30:00,75.86,76.42,75.1,75.33,1290553.0
2021-02-26 10:15:00,76.59,76.94,75.28,75.895,1663132.0
2021-02-26 10:00:00,77.72,78.23,76.06,76.59,2725577.0
2021-02-26 09:45:00,76.87,77.99,75.0,77.7052,3614172.0
2021-02-26 09:30:00,76.8999,76.9,76.3999,76.73,68613.0
2021-02-26 09:15:00,76.5799,76.9,76.3,76.8999,46645.0
2021-02-26 09:00:00,76.81,76.96,76.5,76.5,72324.0
2021-02-26 08:45:00,76.1,77.09,75.99,76.98,105477.0
2021-02-26 08:30:00,76.74,76.85,76.0,76.0102,121889.0
2021-02-26 08:15:00,74.7346,76.7473,74.36,76.7397,115883.0
2021-02-26 08:00:00,76.26,76.45,75.64,76.0,34150.0
2021-02-26 07:45:00,75.8,76.5,75.75,76.25,22455.0
2021-02-26 07:30:00,75.5,76.12,75.5,75.8,55391.0
2021-02-26 07:15:00,74.64,75.91,74.59,75.6,54918.0
2021-02-26 07:00:00,74.74,74.89,74.62,74.89,1837.0
2021-02-26 06:45:00,75.01,75.01,73.5,74.57,6292.0
2021-02-26 06:30:00,75.29,75.29,75.01,75.01,2719.0
2021-02-26 06:15:00,75.29,75.4,75.29,75.4,1195.0
2021-02-26 06:00:00,75.4,75.4,75.29,75.29,1256.0
2021-02-26 05:45:00,75.29,75.59,75.29,75.59,3343.0
2021-02-26 05:30:00,75.1,75.19,75.0,75.0,1068.0
2021-02-26 05:15:00,75.39,75.51,75.1,75.1,2094.0
2021-02-26 05:00:00,75.37,75.37,75.25,75.28,4009.0
2021-02-26 04:45:00,75.65,75.77,75.3,75.69,1735.0
2021-02-26 04:30:00,75.2,75.86,75.2,75.75,4349.0
2021-02-26 04:15:00,74.38,75.41,74.38,75.41,2809.0
2021-02-25 20:00:00,73.75,74.0,73.55,74.0,13825.0
2021-02-25 19:45:00,73.55,74.0,73.55,73.85,9688.0
2021-02-25 19:30:00,74.05,74.18,73.75,73.75,15957.0
2021-02-25 19:15:00,74.57,74.57,74.0,74.0,13314.0
2021-02-25 19:00:00,74.58,74.65,74.4201,74.5999,9087.0
2021-02-25 18:45:00,74.71,74.8,74.5,74.58,71522.0
2021-02-25 18:30:00,74.17,74.71,74.17,74.71,44589.0
2021-02-25 18:15:00,74.19,74.4,74.1,74.38,5763.0
2021-02-25 18:00:00,74.41,74.52,74.0,74.19,19936.0
2021-02-25 17:45:00,74.41,74.53,74.41,74.41,6352.0
2021-02-25 17:30:00,74.59,74.65,74.53,74.56,9871.0
2021-02-25 17:15:00,74.68,74.68,74.53,74.59,5775.0
2021-02-25 17:00:00,74.56,74.71,71.92,74.67,118573.0
2021-02-25 16:45:00,74.49,74.59,74.42,74.59,15071.0
2021-02-25 16:30:00,74.45,74.5,74.4,74.46,32088.0
2021-02-25 16:15:00,74.58,74.71,74.41,74.45,2434817.0
2021-02-25 16:00:00,74.7079,75.25,74.45,74.61,3472188.0
2021-02-25 15:45:00,74.77,75.07,73.89,74.709,1786696.0
2021-02-25 15:30:00,75.1,75.3,74.48,74.7899,1446138.0
2021-02-25 15:15:00,75.65,75.79,74.96,75.11,1216623.0
2021-02-25 15:00:00,76.4188,76.665,75.57,75.66,1310296.0
2021-02-25 14:45:00,77.2332,77.24,76.33,76.41,842978.0
2021-02-25 14:30:00,77.01,77.5,76.99,77.225,1053483.0
2021-02-25 14:15:00,76.85,77.2799,76.42,77.01,1682436.0
2021-02-25 14:00:00,76.28,76.92,75.8,76.9199,1356732.0
2021-02-25 13:45:00,76.91,77.02,76.12,76.3,1849001.0
2021-02-25 13:30:00,76.21,76.99,75.74,76.885,2261128.0
2021-02-25 13:15:00,74.93,76.56,74.73,76.18,1541337.0
2021-02-25 13:00:00,75.82,76.04,74.5501,74.93,1647848.0
2021-02-25 12:45:00,76.14,76.23,75.38,75.8699,1555632.0
2021-02-25 12:30:00,76.71,76.99,76.13,76.14,1443097.0
2021-02-25 12:15:00,76.96,77.14,76.0,76.725,1888342.0
2021-02-25 12:00:00,77.955,78.15,76.64,76.975,2344763.0
2021-02-25 11:45:00,79.31,79.51,77.87,77.925,1809016.0
2021-02-25 11:30:00,78.27,79.39,78.23,79.31,2699079.0
2021-02-25 11:15:00,78.965,79.2,78.17,78.26,1752313.0
2021-02-25 11:00:00,78.03,79.17,77.3,78.945,2888042.0
2021-02-25 10:45:00,77.5761,78.12,76.68,78.05,2492877.0
2021-02-25 10:30:00,76.14,78.44,76.0,77.62,3119188.0
2021-02-25 10:15:00,76.425,77.55,76.14,76.16,2515208.0
2021-02-25 10:00:00,77.05,77.61,75.92,76.42,3848847.0
2021-02-25 09:45:00,78.15,80.75,76.83,77.06,6663389.0
2021-02-25 09:30:00,78.95,79.3,77.36,78.33,766154.0
2021-02-25 09:15:00,71.7,81.0,71.45,78.97,1595116.0
2021-02-25 09:00:00,71.74,71.88,71.7,71.88,11948.0
2021-02-25 08:45:00,71.3,71.75,71.3,71.4,8123.0
2021-02-25 08:30:00,71.36,71.5,71.23,71.5,8099.0
2021-02-25 08:15:00,71.4034,71.5,71.135,71.4,8896.0
2021-02-25 08:00:00,71.35,71.35,71.33,71.34,1805.0
2021-02-25 07:45:00,71.4,71.4,71.3,71.3,2723.0
2021-02-25 07:30:00,71.38,71.38,71.38,71.38,488.0
2021-02-25 07:15:00,71.18,71.5,71.18,71.21,4884.0
2021-02-25 07:00:00,71.37,71.37,71.0,71.0,3198.0
2021-02-25 06:45:00,71.37,71.37,71.37,71.37,532.0
2021-02-25 06:30:00,71.47,71.47,71.47,71.47,150.0
2021-02-25 05:00:00,71.45,71.45,71.45,71.45,114.0
2021-02-25 04:30:00,71.74,72.14,71.51,72.14,2480.0
2021-02-25 04:15:00,71.78,71.78,71.78,71.78,460.0
2021-02-24 20:00:00,72.2,72.2,72.11,72.11,363.0
2021-02-24 19:45:00,71.96,72.26,71.93,72.26,5274.0
2021-02-24 19:30:00,72.1,72.19,71.95,71.95,541.0
2021-02-24 19:15:00,72.0,72.0,72.0,72.0,524.0
2021-02-24 19:00:00,71.99,72.34,71.98,72.34,3062.0
2021-02-24 18:45:00,71.98,71.98,71.86,71.86,390.0
2021-02-24 18:15:00,71.81,71.85,71.81,71.85,1846.0
2021-02-24 18:00:00,71.88,71.96,71.81,71.81,1011.0
2021-02-24 17:45:00,71.81,71.88,71.81,71.83,589.0
2021-02-24 17:30:00,71.88,71.93,71.88,71.89,1023.0
2021-02-24 17:15:00,71.93,71.93,71.85,71.88,806.0
2021-02-24 17:00:00,71.94,71.95,71.82,71.84,5026.0
2021-02-24 16:45:00,71.935,72.02,71.92,71.96,152812.0
2021-02-24 16:30:00,71.85,71.98,71.84,71.95,9823.0
2021-02-24 16:15:00,71.96,71.98,71.72,71.9,459162.0
2021-02-24 16:00:00,72.05,72.1899,71.9,71.91,1265844.0
2021-02-24 15:45:00,72.725,72.725,71.97,72.05,810759.0
2021-02-24 15:30:00,72.53,72.74,72.3,72.73,556265.0
2021-02-24 15:15:00,72.36,72.6,72.29,72.52,395280.0
2021-02-24 15:00:00,72.67,72.71,72.33,72.3579,403075.0
2021-02-24 14:45:00,72.42,72.72,72.23,72.68,486950.0
2021-02-24 14:30:00,72.42,72.69,72.31,72.425,465055.0
2021-02-24 14:15:00,73.04,73.0787,72.4,72.42,433925.0
2021-02-24 14:00:00,72.96,73.165,72.8,73.058,526014.0
2021-02-24 13:45:00,72.6736,72.99,72.65,72.97,376544.0
2021-02-24 13:30:00,72.66,72.715,72.47,72.66,317272.0
2021-02-24 13:15:00,72.04,72.73,71.96,72.7,661594.0
2021-02-24 13:00:00,71.749,72.24,71.749,72.03,455228.0
2021-02-24 12:45:00,72.32,72.36,71.71,71.765,425434.0
2021-02-24 12:30:00,72.04,72.52,72.04,72.31,518061.0
2021-02-24 12:15:00,72.105,72.319,71.93,72.025,484632.0
2021-02-24 12:00:00,72.32,72.35,71.85,72.105,810881.0
2021-02-24 11:45:00,73.075,73.18,72.22,72.32,607921.0
2021-02-24 11:30:00,73.741,73.785,73.06,73.06,522551.0
2021-02-24 11:15:00,73.5,73.95,73.31,73.76,628715.0
2021-02-24 11:00:00,73.02,73.79,72.93,73.51,791359.0
2021-02-24 10:45:00,72.93,73.23,72.67,73.0,537726.0
2021-02-24 10:30:00,72.83,73.32,72.4305,72.92,911267.0
2021-02-24 10:15:00,72.87,73.27,72.51,72.815,804115.0
2021-02-24 10:00:00,72.47,73.25,72.31,72.865,874789.0
2021-02-24 09:45:00,73.1,73.58,72.0,72.47,1433328.0
2021-02-24 09:30:00,72.68,73.78,72.5,73.78,51515.0
2021-02-24 09:15:00,72.83,72.84,72.35,72.68,46360.0
2021-02-24 09:00:00,73.61,73.74,72.8,72.8,59735.0
2021-02-24 08:45:00,73.68,73.8501,73.6,73.75,29886.0
2021-02-24 08:30:00,74.1899,74.19,73.5786,73.5786,8239.0
2021-02-24 08:15:00,73.5931,74.5,73.4,74.0801,29832.0
2021-02-24 08:00:00,74.1,74.36,74.09,74.36,7935.0
2021-02-24 07:45:00,74.09,74.1,73.8,73.99,8686.0
2021-02-24 07:30:00,73.68,74.0,73.56,74.0,13478.0
2021-02-24 07:15:00,73.3,73.69,73.2,73.69,9685.0
2021-02-24 07:00:00,73.38,73.38,73.38,73.38,257.0
2021-02-24 06:45:00,73.41,73.41,73.38,73.38,1138.0
2021-02-24 06:30:00,73.41,73.41,73.41,73.41,439.0
2021-02-24 05:45:00,73.62,73.65,73.62,73.65,639.0
2021-02-24 05:30:00,73.39,73.39,73.39,73.39,150.0
2021-02-24 05:00:00,73.5,73.5,73.5,73.5,797.0
2021-02-24 04:30:00,73.57,73.57,73.57,73.57,354.0
2021-02-23 20:00:00,73.85,73.87,73.63,73.87,11450.0
2021-02-23 19:45:00,73.39,73.75,73.39,73.75,2840.0
2021-02-23 19:30:00,73.4,73.41,73.3,73.3,1300.0
2021-02-23 19:15:00,73.57,73.58,73.4,73.4,2336.0
2021-02-23 19:00:00,73.43,73.58,73.1,73.53,6166.0
2021-02-23 18:45:00,72.96,73.44,72.95,73.44,2502.0
2021-02-23 18:30:00,73.18,73.24,73.0,73.0,5930.0
2021-02-23 18:15:00,73.52,73.52,73.52,73.52,201.0
2021-02-23 18:00:00,73.5,73.5,73.3,73.3,776.0
2021-02-23 17:45:00,73.6,73.6,73.3,73.42,992.0
2021-02-23 17:30:00,73.5,73.79,73.3,73.79,3026.0
2021-02-23 17:15:00,73.36,73.74,73.31,73.5,17606.0
2021-02-23 17:00:00,73.16,73.36,73.16,73.36,24634.0
2021-02-23 16:45:00,73.0,73.18,73.0,73.12,2417.0
2021-02-23 16:30:00,73.02,73.17,73.0,73.17,3520.0
2021-02-23 16:15:00,73.04,73.41,72.95,72.96,2008775.0
2021-02-23 16:00:00,73.6765,74.33,72.96,73.18,2788604.0
2021-02-23 15:45:00,73.125,73.7944,72.82,73.67,1326691.0
2021-02-23 15:30:00,72.7,73.21,72.54,73.12,896509.0
2021-02-23 15:15:00,71.67,72.84,71.63,72.7,995272.0
2021-02-23 15:00:00,71.72,71.98,71.3791,71.67,633747.0
2021-02-23 14:45:00,72.08,72.15,71.64,71.73,963555.0
2021-02-23 14:30:00,71.42,72.18,71.305,72.06,1022124.0
2021-02-23 14:15:00,71.13,71.69,71.1001,71.415,637433.0
2021-02-23 14:00:00,71.3918,71.95,71.089,71.14,901669.0
2021-02-23 13:45:00,71.82,71.95,71.2,71.37,756371.0
2021-02-23 13:30:00,71.1442,71.84,71.07,71.8,1339573.0
2021-02-23 13:15:00,70.24,71.38,70.06,71.135,1424878.0
2021-02-23 13:00:00,69.16,70.68,69.07,70.24,1323401.0
2021-02-23 12:45:00,69.26,69.57,68.96,69.16,1021211.0
2021-02-23 12:30:00,69.21,69.47,69.09,69.275,445543.0
2021-02-23 12:15:00,69.773,69.8917,69.18,69.24,718612.0
2021-02-23 12:00:00,69.6,70.15,69.58,69.78,529241.0
2021-02-23 11:45:00,69.85,70.16,69.57,69.6,448112.0
2021-02-23 11:30:00,70.27,70.35,69.6,69.83,440980.0
2021-02-23 11:15:00,70.315,70.65,70.1,70.25,682217.0
2021-02-23 11:00:00,70.26,70.99,70.05,70.305,1163623.0
2021-02-23 10:45:00,69.66,70.53,68.886,70.28,1358474.0
2021-02-23 10:30:00,68.93,69.97,68.74,69.655,1103871.0
2021-02-23 10:15:00,68.3,69.46,68.02,68.93,1227429.0
2021-02-23 10:00:00,66.8901,68.73,66.19,68.2917,1646690.0
2021-02-23 09:45:00,68.45,68.77,66.54,66.915,2323838.0
2021-02-23 09:30:00,68.81,68.95,68.09,68.09,28442.0
2021-02-23 09:15:00,69.06,69.2,68.81,68.81,29824.0
2021-02-23 09:00:00,68.8,69.22,68.8,69.05,16193.0
2021-02-23 08:45:00,68.7,68.88,68.56,68.82,26615.0
2021-02-23 08:30:00,68.54,68.83,68.54,68.72,17906.0
2021-02-23 08:15:00,69.21,69.24,68.45,68.454,38213.0
2021-02-23 08:00:00,68.95,69.0,68.81,69.0,6308.0
2021-02-23 07:45:00,69.18,69.19,68.98,69.0,14374.0
2021-02-23 07:30:00,69.15,69.21,69.0,69.18,7631.0
2021-02-23 07:15:00,68.64,69.17,68.64,69.17,14055.0
2021-02-23 07:00:00,68.44,68.49,68.14,68.33,2294.0
2021-02-23 06:45:00,67.7,68.45,67.7,68.44,10679.0
2021-02-23 06:30:00,67.7,67.7,67.3,67.44,9977.0
2021-02-23 06:15:00,67.0,67.7,67.0,67.7,7532.0
2021-02-23 06:00:00,66.8,67.0,66.63,66.91,4997.0
2021-02-23 05:45:00,67.62,67.62,66.62,66.66,5360.0
2021-02-23 05:30:00,67.52,67.9,67.0,67.62,11279.0
2021-02-23 05:15:00,68.24,68.24,68.24,68.24,301.0
2021-02-23 05:00:00,68.53,68.53,68.39,68.5,1754.0
2021-02-23 04:45:00,69.4,69.4,68.28,68.53,15080.0
2021-02-23 04:30:00,70.07,70.09,69.58,69.58,4083.0
2021-02-23 04:15:00,71.19,71.19,70.4,70.4,12489.0
2021-02-22 20:00:00,70.55,70.55,70.42,70.49,7170.0
2021-02-22 19:45:00,70.45,70.55,70.3,70.48,2587.0
2021-02-22 19:30:00,70.35,70.72,70.35,70.5,9585.0
2021-02-22 19:15:00,70.79,70.79,70.38,70.38,10429.0
2021-02-22 19:00:00,70.46,70.97,70.4,70.79,30772.0
2021-02-22 18:45:00,70.46,70.46,70.4,70.4,5832.0
2021-02-22 18:30:00,70.46,70.46,70.4,70.41,1442.0
2021-02-22 18:15:00,70.46,70.46,70.41,70.46,9031.0
2021-02-22 18:00:00,70.38,70.46,70.32,70.46,2130.0
2021-02-22 17:45:00,70.45,70.45,70.32,70.32,952.0
2021-02-22 17:30:00,70.32,70.46,70.32,70.46,1811.0
2021-02-22 17:15:00,70.38,70.38,70.33,70.33,10471.0
2021-02-22 17:00:00,70.3,70.46,70.3,70.3,1195.0
2021-02-22 16:45:00,70.46,70.49,70.42,70.45,9734.0
2021-02-22 16:30:00,70.46,70.46,70.36,70.38,271818.0
2021-02-22 16:15:00,70.89,70.89,70.3,70.34,3441733.0
2021-02-22 16:00:00,70.825,70.95,70.42,70.49,1778356.0
2021-02-22 15:45:00,70.97,71.13,70.5135,70.825,989180.0
2021-02-22 15:30:00,71.4592,71.57,70.96,70.98,589868.0
2021-02-22 15:15:00,71.62,71.6699,71.3,71.45,429327.0
2021-02-22 15:00:00,71.8391,71.87,71.61,71.62,274758.0
2021-02-22 14:45:00,72.22,72.24,71.8217,71.84,322337.0
2021-02-22 14:30:00,72.134,72.33,72.12,72.24,494393.0
2021-02-22 14:15:00,72.5,72.51,72.08,72.12,382469.0
2021-02-22 14:00:00,72.4082,72.56,72.37,72.5,342870.0
2021-02-22 13:45:00,72.16,72.48,72.115,72.41,346386.0
2021-02-22 13:30:00,71.99,72.22,71.94,72.165,311310.0
2021-02-22 13:15:00,72.165,72.2,71.98,71.985,269638.0
2021-02-22 13:00:00,71.81,72.2,71.81,72.16,330509.0
2021-02-22 12:45:00,71.85,71.93,71.72,71.8,328445.0
2021-02-22 12:30:00,72.15,72.18,71.77,71.8457,268637.0
2021-02-22 12:15:00,72.1121,72.32,71.9818,72.1565,324287.0
2021-02-22 12:00:00,72.01,72.2,71.69,72.1,687144.0
2021-02-22 11:45:00,71.95,72.19,71.74,72.03,657339.0
2021-02-22 11:30:00,72.03,72.38,71.85,71.98,683661.0
2021-02-22 11:15:00,71.9505,72.15,71.3801,72.01,561431.0
2021-02-22 11:00:00,72.5289,72.5289,71.63,71.95,558211.0
2021-02-22 10:45:00,72.98,73.02,72.28,72.52,537355.0
2021-02-22 10:30:00,73.63,73.75,72.79,73.0,792834.0
2021-02-22 10:15:00,73.14,73.75,72.7,73.63,987760.0
2021-02-22 10:00:00,72.28,73.38,72.28,73.1515,764273.0
2021-02-22 09:45:00,71.73,72.9,71.47,72.28,1817062.0
2021-02-22 09:30:00,71.69,72.0,71.0,71.89,43582.0
2021-02-22 09:15:00,71.7,71.85,71.63,71.8,14320.0
2021-02-22 09:00:00,71.74,71.79,71.69,71.7199,20742.0
2021-02-22 08:45:00,71.38,71.87,71.38,71.73,21509.0
2021-02-22 08:30:00,71.3,71.36,71.3,71.32,16804.0
2021-02-22 08:15:00,71.5501,71.8,71.26,71.36,30637.0
2021-02-22 07:45:00,71.56,71.58,71.3,71.3,5931.0
2021-02-22 07:30:00,71.55,71.57,71.52,71.52,1521.0
2021-02-22 07:15:00,70.9,71.78,70.9,71.62,8296.0
2021-02-22 06:45:00,70.9,70.9,70.9,70.9,573.0
2021-02-22 06:30:00,71.0,71.0,71.0,71.0,550.0
2021-02-22 06:00:00,71.0,71.0,71.0,71.0,254.0
2021-02-22 05:45:00,71.12,71.12,71.12,71.12,433.0
2021-02-22 05:30:00,71.02,71.02,71.02,71.02,148.0
2021-02-22 04:15:00,71.9,71.9,71.9,71.9,200.0
2021-02-19 20:00:00,72.38,72.4,72.38,72.4,1670.0
2021-02-19 19:45:00,72.35,72.35,72.35,72.35,424.0
2021-02-19 19:30:00,72.31,72.35,72.3,72.35,1846.0
2021-02-19 19:15:00,72.3,72.3,72.3,72.3,413.0
2021-02-19 19:00:00,72.44,72.44,72.44,72.44,300.0
2021-02-19 18:15:00,72.39,72.39,72.39,72.39,1908.0
2021-02-19 18:00:00,72.39,72.39,72.28,72.28,436.0
2021-02-19 17:45:00,72.35,72.35,72.28,72.35,154072.0
2021-02-19 17:30:00,72.35,72.35,72.35,72.35,305.0
2021-02-19 17:15:00,72.28,72.28,72.28,72.28,7005.0
2021-02-19 17:00:00,72.28,72.34,72.28,72.28,9592.0
2021-02-19 16:45:00,72.28,72.31,72.28,72.31,5664.0
2021-02-19 16:30:00,72.2,72.29,72.2,72.28,3437.0
2021-02-19 16:15:00,72.28,72.28,72.14,72.2,1566071.0
2021-02-19 16:00:00,72.225,72.43,71.9,72.28,1524939.0
2021-02-19 15:45:00,72.23,72.47,72.22,72.23,468561.0
2021-02-19 15:30:00,72.19,72.355,72.06,72.23,432554.0
2021-02-19 15:15:00,72.36,72.43,72.095,72.19,399250.0
2021-02-19 15:00:00,72.41,72.5,72.35,72.37,223034.0
2021-02-19 14:45:00,71.93,72.54,71.93,72.43,541655.0
2021-02-19 14:30:00,72.405,72.5,71.88,71.92,595990.0
2021-02-19 14:15:00,72.55,72.64,72.3914,72.41,243249.0
2021-02-19 14:00:00,72.515,72.67,72.35,72.5301,373052.0
2021-02-19 13:45:00,72.3415,72.65,72.22,72.5172,442866.0
2021-02-19 13:30:00,72.24,72.55,72.21,72.33,373929.0
2021-02-19 13:15:00,72.53,72.61,72.14,72.27,438812.0
2021-02-19 13:00:00,72.275,72.65,72.13,72.54,680623.0
2021-02-19 12:45:00,72.44,72.65,72.0757,72.28,655236.0
2021-02-19 12:30:00,72.8635,72.94,72.36,72.44,584974.0
2021-02-19 12:15:00,73.25,73.3335,72.88,72.88,432255.0
2021-02-19 12:00:00,73.1735,73.2801,72.9875,73.2699,478010.0
2021-02-19 11:45:00,73.335,73.5577,73.17,73.17,426143.0
2021-02-19 11:30:00,73.58,73.82,73.28,73.345,377069.0
2021-02-19 11:15:00,74.19,74.29,73.53,73.575,1399219.0
2021-02-19 11:00:00,74.23,74.3258,73.97,74.1901,650137.0
2021-02-19 10:45:00,73.74,74.2299,73.35,74.2299,993914.0
2021-02-19 10:30:00,73.47,73.92,73.25,73.765,781801.0
2021-02-19 10:15:00,74.34,74.36,72.86,73.4938,1874347.0
2021-02-19 10:00:00,73.87,74.96,73.6893,74.3358,1694167.0
2021-02-19 09:45:00,72.97,74.1,72.48,73.87,1957310.0
2021-02-19 09:30:00,72.54,72.99,72.34,72.34,13082.0
2021-02-19 09:15:00,72.59,72.61,72.46,72.54,8345.0
2021-02-19 09:00:00,72.72,72.78,72.59,72.59,6334.0
2021-02-19 08:45:00,72.63,72.75,72.57,72.72,7700.0
2021-02-19 08:30:00,72.81,72.82,72.66,72.66,12950.0
2021-02-19 08:15:00,72.32,72.95,72.32,72.84,10828.0
2021-02-19 08:00:00,72.76,72.84,72.72,72.84,1654.0
2021-02-19 07:45:00,72.61,72.72,72.61,72.72,1834.0
2021-02-19 07:30:00,72.54,72.6,72.54,72.6,1434.0
2021-02-19 07:15:00,72.44,72.48,72.44,72.48,633.0
2021-02-19 07:00:00,72.33,72.33,72.33,72.33,550.0
2021-02-19 06:00:00,72.32,72.32,72.32,72.32,621.0
2021-02-19 04:45:00,72.39,72.39,72.39,72.39,307.0
2021-02-18 20:00:00,72.2,72.22,72.12,72.12,6118.0
2021-02-18 19:45:00,72.17,72.25,72.1,72.2,13114.0
2021-02-18 19:30:00,72.02,72.18,72.0,72.17,12237.0
2021-02-18 19:15:00,72.19,72.21,72.02,72.02,8275.0
2021-02-18 19:00:00,72.22,72.24,72.22,72.24,600.0
2021-02-18 18:45:00,72.25,72.25,72.22,72.22,619.0
2021-02-18 18:30:00,72.25,72.25,72.25,72.25,519.0
2021-02-18 18:15:00,72.25,72.25,72.25,72.25,1893.0
2021-02-18 18:00:00,72.24,72.25,72.24,72.25,1175.0
2021-02-18 17:45:00,72.24,72.24,72.2399,72.24,1418.0
2021-02-18 17:30:00,72.24,72.24,72.24,72.24,622.0
2021-02-18 17:15:00,72.15,72.24,72.15,72.24,318.0
2021-02-18 17:00:00,72.23,72.24,72.2,72.2,12901.0
2021-02-18 16:45:00,72.23,72.26,72.1,72.23,33400.0
2021-02-18 16:30:00,72.06,72.06,72.06,72.06,132.0
2021-02-18 16:15:00,71.85,72.26,71.85,72.2,41343.0
2021-02-18 16:00:00,72.655,72.7165,72.24,72.24,1483467.0
2021-02-18 15:45:00,72.5401,72.735,72.52,72.66,392957.0
2021-02-18 15:30:00,72.695,72.7682,72.491,72.5422,590857.0
2021-02-18 15:15:00,72.845,72.9,72.63,72.7,427308.0
2021-02-18 15:00:00,72.58,72.88,72.51,72.845,545385.0
2021-02-18 14:45:00,72.34,72.7465,72.34,72.575,595933.0
2021-02-18 14:30:00,72.43,72.48,72.15,72.35,337559.0
2021-02-18 14:15:00,72.05,72.47,72.05,72.4301,369130.0
2021-02-18 14:00:00,72.05,72.2799,71.89,72.03,515911.0
2021-02-18 13:45:00,71.9882,72.07,71.9,72.035,351427.0
2021-02-18 13:30:00,71.56,72.08,71.5,71.9735,432971.0
2021-02-18 13:15:00,71.58,71.6,71.38,71.55,202841.0
2021-02-18 13:00:00,71.56,71.66,71.44,71.57,206147.0
2021-02-18 12:45:00,71.6,71.75,71.52,71.54,219727.0
2021-02-18 12:30:00,71.4698,71.76,71.42,71.6,287772.0
2021-02-18 12:15:00,71.82,71.84,71.38,71.44,390959.0
2021-02-18 12:00:00,71.8656,71.91,71.65,71.813,295883.0
2021-02-18 11:45:00,71.18,72.06,71.14,71.88,584711.0
2021-02-18 11:30:00,71.33,71.5789,71.12,71.185,455768.0
2021-02-18 11:15:00,71.19,71.53,71.06,71.35,468458.0
2021-02-18 11:00:00,71.36,71.58,71.16,71.19,520205.0
2021-02-18 10:45:00,70.59,71.42,70.41,71.37,687923.0
2021-02-18 10:30:00,70.6,70.83,70.36,70.58,695886.0
2021-02-18 10:15:00,71.64,71.7,70.48,70.59,899811.0
2021-02-18 10:00:00,71.37,72.09,71.17,71.64,595517.0
2021-02-18 09:45:00,70.74,71.7351,70.51,71.42,1336762.0
2021-02-18 09:30:00,69.98,71.0,69.3,71.0,25216.0
2021-02-18 09:15:00,70.51,70.51,69.95,69.99,28149.0
2021-02-18 09:00:00,70.34,70.53,70.34,70.51,9491.0
2021-02-18 08:45:00,70.74,70.74,70.4,70.41,38311.0
2021-02-18 08:30:00,70.8,70.91,70.76,70.9,3065.0
2021-02-18 08:15:00,70.88,71.22,70.5601,70.82,18154.0
2021-02-18 08:00:00,71.06,71.18,71.06,71.18,1386.0
2021-02-18 07:45:00,71.04,71.19,70.87,70.98,2649.0
2021-02-18 07:30:00,70.67,70.97,70.67,70.97,5490.0
2021-02-18 07:15:00,70.64,70.86,70.5,70.75,5592.0
2021-02-18 07:00:00,70.56,70.56,70.56,70.56,500.0
2021-02-18 06:45:00,70.51,70.51,70.4,70.44,910.0
2021-02-18 06:15:00,71.08,71.08,70.45,70.45,1878.0
2021-02-18 05:15:00,71.4,71.4,71.4,71.4,100.0
2021-02-18 04:15:00,71.65,71.65,71.65,71.65,110.0
2021-02-17 20:00:00,71.65,71.7,71.65,71.65,1718.0
2021-02-17 19:45:00,71.79,71.79,71.61,71.7,5231.0
2021-02-17 19:30:00,71.78,71.84,71.77,71.79,1642.0
2021-02-17 19:15:00,71.79,71.8,71.77,71.77,2834.0
2021-02-17 19:00:00,71.8,71.84,71.75,71.75,601.0
2021-02-17 18:45:00,71.75,71.8,71.75,71.8,2458.0
2021-02-17 18:30:00,71.8,71.8,71.8,71.8,315.0
2021-02-17 18:15:00,71.84,71.84,71.84,71.84,6200.0
2021-02-17 18:00:00,71.68,71.7,71.5999,71.5999,1496.0
2021-02-17 17:45:00,71.65,71.65,71.55,71.55,286.0
2021-02-17 17:30:00,71.68,71.68,71.55,71.55,729.0
2021-02-17 17:15:00,71.6,71.68,71.6,71.68,1055.0
2021-02-17 17:00:00,71.69,71.79,71.69,71.69,75003.0
2021-02-17 16:45:00,71.65,71.7,71.51,71.65,3507.0
2021-02-17 16:30:00,71.72,71.72,71.61,71.61,1146.0
2021-02-17 16:15:00,71.79,71.84,71.71,71.71,497974.0
2021-02-17 16:00:00,71.885,72.01,71.76,71.79,1011282.0
2021-02-17 15:45:00,71.69,72.03,71.63,71.88,549765.0
2021-02-17 15:30:00,71.6201,71.71,71.53,71.69,371815.0
2021-02-17 15:15:00,71.58,71.7199,71.57,71.62,346877.0
2021-02-17 15:00:00,71.525,71.61,71.43,71.58,351241.0
2021-02-17 14:45:00,71.56,71.6865,71.4061,71.525,372054.0
2021-02-17 14:30:00,71.83,71.87,71.53,71.57,300953.0
2021-02-17 14:15:00,71.72,72.0,71.64,71.84,425610.0
2021-02-17 14:00:00,71.585,71.88,71.49,71.7,455566.0
2021-02-17 13:45:00,71.6516,71.795,71.54,71.58,348714.0
2021-02-17 13:30:00,71.81,71.84,71.48,71.66,419221.0
2021-02-17 13:15:00,71.7289,72.0,71.72,71.8,290512.0
2021-02-17 13:00:00,72.02,72.0698,71.72,71.74,366780.0
2021-02-17 12:45:00,72.11,72.1859,71.84,72.019,721100.0
2021-02-17 12:30:00,71.38,72.24,71.265,72.125,1694350.0
2021-02-17 12:15:00,71.01,71.57,70.96,71.39,691305.0
2021-02-17 12:00:00,70.41,71.02,70.22,71.02,804712.0
2021-02-17 11:45:00,70.6035,70.96,70.13,70.41,866864.0
2021-02-17 11:30:00,70.9044,70.9044,70.36,70.61,1024390.0
2021-02-17 11:15:00,71.57,71.61,70.76,70.9199,833958.0
2021-02-17 11:00:00,71.4965,71.86,71.38,71.57,695336.0
2021-02-17 10:45:00,71.16,71.69,71.04,71.49,1057748.0
2021-02-17 10:30:00,72.33,72.35,71.15,71.175,1251662.0
2021-02-17 10:15:00,72.34,72.99,72.23,72.3301,951510.0
2021-02-17 10:00:00,72.11,72.64,71.8265,72.365,1289318.0
2021-02-17 09:45:00,73.05,73.28,72.0407,72.145,1619018.0
2021-02-17 09:30:00,73.0,73.9968,72.84,72.99,41970.0
2021-02-17 09:15:00,73.5,73.59,73.05,73.05,39341.0
2021-02-17 09:00:00,73.63,73.79,73.42,73.5,10244.0
2021-02-17 08:45:00,73.91,73.91,73.41,73.63,8307.0
2021-02-17 08:30:00,73.9999,73.9999,73.75,73.78,9619.0
2021-02-17 08:15:00,74.27,74.71,73.93,74.0,18014.0
2021-02-17 08:00:00,74.18,74.2,74.15,74.17,1777.0
2021-02-17 07:45:00,74.18,74.2,74.18,74.19,1019.0
2021-02-17 07:30:00,74.4,74.4,74.2,74.2,2312.0
2021-02-17 07:15:00,74.0,74.69,73.99,74.55,9150.0
2021-02-17 06:45:00,73.68,73.99,73.68,73.99,5036.0
2021-02-17 06:30:00,73.56,73.64,73.49,73.64,1827.0
2021-02-17 06:00:00,73.6,73.6,73.6,73.6,433.0
2021-02-17 05:45:00,73.73,73.73,73.59,73.59,1090.0
2021-02-17 05:00:00,73.93,73.93,73.55,73.55,1621.0
2021-02-17 04:45:00,73.94,73.95,73.68,73.68,2802.0
2021-02-17 04:15:00,74.0,74.0,74.0,74.0,1568.0
2021-02-16 20:00:00,73.71,73.96,73.7,73.95,10809.0
2021-02-16 19:45:00,73.94,73.94,73.8,73.8,2174.0
2021-02-16 19:30:00,73.9,73.9,73.7,73.8,7253.0
2021-02-16 19:15:00,74.0,74.0,73.9,73.99,1362.0
2021-02-16 19:00:00,73.97,74.0,73.9,74.0,2156.0
2021-02-16 18:45:00,74.1,74.14,73.98,74.0,6343.0
2021-02-16 18:30:00,74.1501,74.2,74.0,74.0,2486.0
2021-02-16 18:15:00,74.01,74.24,74.01,74.15,6905.0
2021-02-16 18:00:00,73.89,74.11,73.89,74.08,12382.0
2021-02-16 17:45:00,73.98,73.99,73.89,73.89,1232.0
2021-02-16 17:30:00,74.03,74.03,73.92,73.96,5190.0
2021-02-16 17:15:00,73.92,74.04,73.92,74.04,2323.0
2021-02-16 17:00:00,74.04,74.04,73.93,74.02,123572.0
2021-02-16 16:45:00,74.0,74.05,73.98,74.0,6223.0
2021-02-16 16:30:00,73.98,74.12,73.9,73.99,13752.0
2021-02-16 16:15:00,74.15,74.15,73.96,74.06,115051.0
2021-02-16 16:00:00,73.91,74.03,73.66,73.97,2976540.0
2021-02-16 15:45:00,74.105,74.16,73.8,73.91,634403.0
2021-02-16 15:30:00,74.12,74.23,74.03,74.11,382962.0
2021-02-16 15:15:00,74.2583,74.49,74.12,74.13,442706.0
2021-02-16 15:00:00,74.31,74.4,74.1,74.25,419715.0
2021-02-16 14:45:00,74.5,74.58,74.31,74.3256,363601.0
2021-02-16 14:30:00,74.27,74.56,74.19,74.495,627246.0
2021-02-16 14:15:00,73.9,74.35,73.78,74.255,478872.0
2021-02-16 14:00:00,73.96,74.11,73.85,73.9,352187.0
2021-02-16 13:45:00,74.03,74.14,73.83,73.97,350977.0
2021-02-16 13:30:00,74.23,74.27,73.795,74.05,460233.0
2021-02-16 13:15:00,73.87,74.3,73.84,74.22,783875.0
2021-02-16 13:00:00,73.53,73.97,73.46,73.86,566821.0
2021-02-16 12:45:00,73.385,73.58,73.3,73.54,693257.0
2021-02-16 12:30:00,72.77,73.56,72.77,73.38,743628.0
2021-02-16 12:15:00,72.875,73.2214,72.4505,72.7598,905710.0
2021-02-16 12:00:00,73.63,73.69,72.81,72.87,1050705.0
2021-02-16 11:45:00,73.6999,74.47,73.57,73.67,1197676.0
2021-02-16 11:30:00,74.485,74.615,73.65,73.715,891875.0
2021-02-16 11:15:00,73.89,74.5519,73.8,74.485,1060071.0
2021-02-16 11:00:00,74.12,74.84,73.72,73.91,2090775.0
2021-02-16 10:45:00,74.0,74.34,73.92,74.1,1226799.0
2021-02-16 10:30:00,73.525,74.09,73.1601,74.02,1553930.0
2021-02-16 10:15:00,73.66,73.86,73.42,73.525,1386958.0
2021-02-16 10:00:00,73.26,73.96,72.95,73.63,1317209.0
2021-02-16 09:45:00,72.19,73.42,71.8135,73.26,3104490.0
2021-02-16 09:30:00,71.78,72.3,71.62,72.2,40764.0
2021-02-16 09:15:00,71.75,71.85,71.58,71.78,158668.0
2021-02-16 09:00:00,71.95,71.95,71.72,71.75,6561.0
2021-02-16 08:45:00,71.82,71.98,71.6,71.97,17518.0
2021-02-16 08:30:00,71.75,71.98,71.5,71.9,37140.0
2021-02-16 08:15:00,72.235,72.28,71.71,71.75,30922.0
2021-02-16 08:00:00,71.97,72.24,71.97,72.1,4673.0
2021-02-16 07:45:00,71.91,72.1,71.89,72.0,4438.0
2021-02-16 07:30:00,71.88,71.91,71.86,71.91,1740.0
2021-02-16 07:15:00,72.55,72.55,71.85,71.92,18496.0
2021-02-16 07:00:00,72.61,72.67,72.61,72.67,415.0
2021-02-16 06:45:00,72.65,72.7,72.65,72.65,2164.0
2021-02-16 06:30:00,72.37,72.42,72.37,72.42,353.0
2021-02-16 05:15:00,72.03,72.03,71.91,71.91,1484.0
2021-02-16 04:30:00,72.04,72.24,71.98,72.24,3328.0
2021-02-16 04:15:00,71.04,72.01,71.04,72.01,1467.0
